0.231662039333, 1.0, 0.0, 1.0, 0.666666666667, 0
0.231662039333, 1.0, 0.0, 1.0, 0.666666666667, 0
0.231662039333, 1.0, 0.0, 1.0, 0.666666666667, 0
0.303970965333, 0.951704648667, 0.0, 1.0, 0.666666666667, 0
0.175497706, 0.404448767333, 0.0, 0.971428571429, 0.666666666667, 0
0.175497706, 0.404448767333, 0.0, 0.971428571429, 0.666666666667, 0
0.211267638667, 0.374017342667, 0.0, 1.0, 0.666666666667, 0
0.211229842, 0.968081048, 0.0, 0.928571428571, 0.666666666667, 0
0.211229842, 0.968081048, 0.0, 0.928571428571, 0.666666666667, 0
0.326331632, 0.798769660667, 0.0, 0.942857142857, 0.666666666667, 0
0.326331632, 0.798769660667, 0.0, 0.842857142857, 0.666666666667, 0
0.260025636667, 0.590172368667, 0.0, 0.842857142857, 0.666666666667, 0
0.260025636667, 0.590172368667, 0.0, 1.0, 0.666666666667, 0
0.34620619, 1.0, 0.01, 1.0, 0.666666666667, 0
0.34620619, 1.0, 0.01, 1.0, 0.666666666667, 0
0.228329175333, 0.586849938667, 0.0, 1.0, 0.666666666667, 0
0.228329175333, 0.586849938667, 0.0, 1.0, 0.666666666667, 0
0.166659450667, 1.0, 0.01, 0.957142857143, 0.666666666667, 0
0.166659450667, 1.0, 0.01, 0.985714285714, 0.666666666667, 0
0.118867890667, 0.151777710667, 0.0, 0.985714285714, 0.666666666667, 0
0.118867890667, 0.151777710667, 0.0, 0.971428571429, 0.666666666667, 0
0.240542098667, 0.540400267333, 0.0, 0.928571428571, 0.666666666667, 0
0.301083254, 1.0, 0.0, 0.928571428571, 0.666666666667, 0
0.301083254, 1.0, 0.0, 0.985714285714, 0.666666666667, 0
0.298343253333, 0.589185592, 0.0, 0.985714285714, 0.666666666667, 0
0.298343253333, 0.589185592, 0.0, 1.0, 0.666666666667, 0
0.153017324667, 0.273064868667, 0.0, 0.957142857143, 0.666666666667, 0
0.157137618667, 0.223407263333, 0.0, 0.957142857143, 0.666666666667, 0
0.157137618667, 0.223407263333, 0.0, 0.928571428571, 0.666666666667, 0
0.133945214667, 0.149413824667, 0.0, 0.985714285714, 0.666666666667, 0
0.133945214667, 0.149413824667, 0.0, 0.985714285714, 0.666666666667, 0
0.226640982, 0.369939155333, 0.0, 0.957142857143, 0.666666666667, 0
0.194037883333, 0.300107026, 0.0, 0.971428571429, 0.666666666667, 0
0.194037883333, 0.300107026, 0.0, 0.971428571429, 0.666666666667, 0
0.194037883333, 0.300107026, 0.0, 0.928571428571, 0.666666666667, 0
0.214077634667, 0.617489380667, 0.0, 0.942857142857, 0.666666666667, 0
0.165476215333, 0.22413436, 0.0, 0.942857142857, 0.666666666667, 0
0.165476215333, 0.22413436, 0.0, 1.0, 0.666666666667, 0
0.182388962, 0.376947707333, 0.0, 1.0, 0.666666666667, 0
0.182388962, 0.376947707333, 0.0, 1.0, 0.666666666667, 0
0.271057231333, 0.56622056, 0.0, 1.0, 0.666666666667, 0
0.137461298, 0.174781517333, 0.0, 1.0, 0.666666666667, 0
0.137461298, 0.174781517333, 0.0, 0.842857142857, 0.666666666667, 0
0.151992294, 0.193363921333, 0.0, 0.842857142857, 0.666666666667, 0
0.250206688667, 0.531069202, 0.0, 1.0, 0.666666666667, 0
0.250206688667, 0.531069202, 0.0, 0.985714285714, 0.666666666667, 0
0.275007058, 0.851135988667, 0.0, 0.985714285714, 0.666666666667, 0
0.24706325, 0.512755697333, 0.0, 0.942857142857, 0.666666666667, 0
0.164121686, 0.227519276, 0.0, 1.0, 0.666666666667, 0
0.164121686, 0.227519276, 0.0, 1.0, 0.666666666667, 0
0.123701807333, 0.176679785333, 0.0, 1.0, 0.666666666667, 0
0.123701807333, 0.176679785333, 0.0, 1.0, 0.666666666667, 0
0.485880628667, 1.0, 0.0, 0.928571428571, 0.666666666667, 0
0.485880628667, 1.0, 0.0, 1.0, 0.666666666667, 0
0.334357392, 1.0, 0.0, 1.0, 0.666666666667, 0
0.183748918, 0.521825610667, 0.0, 0.971428571429, 0.666666666667, 0
0.210673935333, 0.484191131333, 0.0, 0.928571428571, 0.666666666667, 0
0.147646122667, 0.214525421333, 0.0, 0.928571428571, 0.666666666667, 0
0.147646122667, 0.214525421333, 0.0, 0.942857142857, 0.666666666667, 0
0.241780127333, 0.387303922667, 0.0, 0.942857142857, 0.666666666667, 0
0.241780127333, 0.387303922667, 0.0, 1.0, 0.666666666667, 0
0.373686923333, 1.0, 0.0, 0.942857142857, 0.666666666667, 0
0.373686923333, 1.0, 0.0, 0.942857142857, 0.666666666667, 0
0.155864452, 0.206188052667, 0.0, 0.928571428571, 0.666666666667, 0
0.127272605333, 0.153950548, 0.0, 0.971428571429, 0.666666666667, 0
0.127272605333, 0.153950548, 0.0, 0.971428571429, 0.666666666667, 0
0.168681314667, 0.295498957333, 0.0, 0.971428571429, 0.666666666667, 0
0.168681314667, 0.295498957333, 0.0, 0.942857142857, 0.666666666667, 0
0.340066014667, 1.0, 0.01, 0.942857142857, 0.666666666667, 0
0.340066014667, 1.0, 0.01, 1.0, 0.666666666667, 0
0.403409698, 1.0, 0.0, 0.957142857143, 0.666666666667, 0
0.211220950667, 0.505685754, 0.0, 0.957142857143, 0.666666666667, 0
0.211220950667, 0.505685754, 0.0, 0.942857142857, 0.666666666667, 0
0.188177583333, 0.475637712667, 0.0, 1.0, 0.666666666667, 0
0.263572406667, 0.570027104, 0.0, 1.0, 0.666666666667, 0
0.263572406667, 0.570027104, 0.0, 0.842857142857, 0.666666666667, 0
0.263572406667, 0.570027104, 0.0, 0.842857142857, 0.666666666667, 0
0.120306609333, 0.371704557333, 0.0, 0.985714285714, 0.666666666667, 0
0.075793478, 0.087754912, 0.0, 0.985714285714, 0.666666666667, 0
0.0833510786667, 0.0964398553333, 0.0, 0.942857142857, 0.666666666667, 0
0.0885851666667, 0.09944975, 0.0, 0.842857142857, 0.666666666667, 0
0.077313, 0.0887565833333, 0.0, 0.842857142857, 0.666666666667, 0
0.0725168286667, 0.087841684, 0.0, 0.971428571429, 0.666666666667, 0
0.0838146666667, 0.103496833333, 0.0, 0.957142857143, 0.666666666667, 0
0.096325838, 0.115761517333, 0.0, 0.957142857143, 0.666666666667, 0
0.0676769166667, 0.0845001666667, 0.0, 0.957142857143, 0.666666666667, 0
0.08944825, 0.10012625, 0.0, 0.957142857143, 0.666666666667, 0
0.0799859166667, 0.0928765, 0.0, 0.971428571429, 0.666666666667, 0
0.0765830393333, 0.09283975, 0.0, 1.0, 0.666666666667, 0
0.0797310833333, 0.08937675, 0.0, 1.0, 0.666666666667, 0
0.115316368667, 0.124164206, 0.0, 0.928571428571, 0.666666666667, 0
0.0808956386667, 0.099023204, 0.0, 0.942857142857, 0.666666666667, 0
0.0944275, 0.10211875, 0.0, 0.942857142857, 0.666666666667, 0
0.0897103813333, 0.105806491333, 0.0, 0.985714285714, 0.666666666667, 0
0.0748724166667, 0.0920234166667, 0.0, 0.971428571429, 0.666666666667, 0
0.0950826666667, 0.100708916667, 0.0, 0.971428571429, 0.666666666667, 0
0.250960666667, 0.5835985, 0.0, 0.971428571429, 0.666666666667, 0
0.0793370833333, 0.0919569166667, 0.0, 0.985714285714, 0.666666666667, 0
0.0793370833333, 0.0919569166667, 0.0, 0.985714285714, 0.666666666667, 0
0.0564181666667, 0.0729581666667, 0.0, 0.885714285714, 0.666666666667, 0
0.111327602, 0.309366842667, 0.0, 0.928571428571, 0.666666666667, 0
0.061077658, 0.117053596, 0.0, 0.914285714286, 0.666666666667, 0
0.0808018333333, 0.114724583333, 0.0, 0.914285714286, 0.666666666667, 0
0.148965166667, 0.391317166667, 0.0, 0.885714285714, 0.666666666667, 0
0.133072166667, 0.1695365, 0.0, 0.885714285714, 0.666666666667, 0
0.133072166667, 0.1695365, 0.0, 0.885714285714, 0.666666666667, 0
0.133072166667, 0.1695365, 0.0, 0.885714285714, 0.666666666667, 0
0.133072166667, 0.1695365, 0.0, 0.885714285714, 0.666666666667, 0
0.133072166667, 0.1695365, 0.0, 0.9, 0.666666666667, 0
0.133072166667, 0.1695365, 0.0, 0.757142857143, 0.666666666667, 0
0.0981376666667, 0.111988333333, 0.0, 0.757142857143, 0.666666666667, 0
0.079003474, 0.094668434, 0.0, 0.914285714286, 0.666666666667, 0
0.0745908053333, 0.0951121853333, 0.0, 0.914285714286, 0.666666666667, 0
0.073816066, 0.0880422193333, 0.0, 0.871428571429, 0.666666666667, 0
0.114768192667, 0.288112947333, 0.0, 0.971428571429, 0.666666666667, 0
0.114768192667, 0.288112947333, 0.0, 0.842857142857, 0.666666666667, 0
0.0680637973333, 0.0857420593333, 0.0, 0.842857142857, 0.666666666667, 0
0.0676793026667, 0.0870637106667, 0.0, 0.8, 0.666666666667, 0
0.05393375, 0.0728231666667, 0.0, 0.814285714286, 0.666666666667, 0
0.0972100833333, 0.114980166667, 0.0, 0.814285714286, 0.666666666667, 0
0.1010495, 0.122672916667, 0.0, 0.771428571429, 0.666666666667, 0
0.1010495, 0.122672916667, 0.0, 0.828571428571, 0.666666666667, 0
0.0727746666667, 0.0832998333333, 0.0, 0.828571428571, 0.666666666667, 0
0.0716613333333, 0.0893760833333, 0.0, 0.885714285714, 0.666666666667, 0
0.0616900573333, 0.0797203073333, 0.0, 0.514285714286, 0.666666666667, 0
0.0682012806667, 0.0852279253333, 0.0, 0.514285714286, 0.666666666667, 0
0.0755222313333, 0.0965107313333, 0.0, 1.0, 0.666666666667, 0
0.075814, 0.0988993333333, 0.0, 0.928571428571, 0.666666666667, 0
0.074656, 0.0942808333333, 0.0, 0.928571428571, 0.666666666667, 0
0.074041, 0.0914114166667, 0.0, 0.971428571429, 0.666666666667, 0
0.0960510526667, 0.123355636, 0.0, 0.971428571429, 0.666666666667, 0
0.0831895, 0.101043583333, 0.0, 0.971428571429, 0.666666666667, 0
0.091502796, 0.103501787333, 0.0, 0.814285714286, 0.666666666667, 0
0.086193, 0.0997473333333, 0.0, 0.942857142857, 0.666666666667, 0
0.117172416667, 0.151653166667, 0.0, 0.942857142857, 0.666666666667, 0
0.117172416667, 0.151653166667, 0.0, 0.757142857143, 0.666666666667, 0
0.10306775, 0.123657833333, 0.0, 0.871428571429, 0.666666666667, 0
0.133769714667, 0.254861714667, 0.0, 0.871428571429, 0.666666666667, 0
0.0746353333333, 0.0948045833333, 0.0, 0.8, 0.666666666667, 0
0.0909169166667, 0.10554025, 0.0, 0.857142857143, 0.666666666667, 0
0.0967080833333, 0.113453333333, 0.0, 0.857142857143, 0.666666666667, 0
0.100695381333, 0.115589316, 0.0, 0.842857142857, 0.666666666667, 0
0.08338375, 0.109387833333, 0.0, 0.842857142857, 0.666666666667, 0
0.0908280833333, 0.101855583333, 0.0, 0.842857142857, 0.666666666667, 0
0.0657227806667, 0.080771272, 0.0, 0.857142857143, 0.666666666667, 0
0.0743013333333, 0.0951248333333, 0.0, 0.885714285714, 0.666666666667, 0
0.0778059166667, 0.14525475, 0.0, 0.885714285714, 0.666666666667, 0
0.0689320833333, 0.0838744166667, 0.0, 0.871428571429, 0.666666666667, 0
0.290485290667, 1.0, 0.0, 0.814285714286, 0.666666666667, 0
0.0994679166667, 0.187624, 0.0, 0.957142857143, 0.666666666667, 0
0.07674775, 0.0908923333333, 0.0, 0.914285714286, 0.666666666667, 0
0.106640416667, 0.11945525, 0.0, 0.914285714286, 0.666666666667, 0
0.104026096667, 0.171609224, 0.0, 0.885714285714, 0.666666666667, 0
0.115926131333, 0.131336561333, 0.0, 0.885714285714, 0.666666666667, 0
0.1269475, 0.274600916667, 0.0, 0.828571428571, 0.666666666667, 0
0.0681120833333, 0.0873870833333, 0.0, 0.828571428571, 0.666666666667, 0
0.114299114, 0.179544456, 0.0, 0.828571428571, 0.666666666667, 0
0.0944597206667, 0.108930279333, 0.0, 0.785714285714, 0.666666666667, 0
0.124008972, 0.190174972, 0.0, 0.814285714286, 0.666666666667, 0
0.0904738686667, 0.103971486667, 0.0, 0.814285714286, 0.666666666667, 0
0.14380375, 0.217724083333, 0.0, 0.857142857143, 0.666666666667, 0
0.146775416667, 0.198348916667, 0.0, 0.885714285714, 0.666666666667, 0
0.413556233333, 1.0, 0.01, 0.885714285714, 0.666666666667, 0
0.413556233333, 1.0, 0.01, 0.928571428571, 0.666666666667, 0
0.494724504667, 1.0, 0.0, 0.914285714286, 0.666666666667, 0
0.0715163333333, 0.0885088333333, 0.0, 0.914285714286, 0.666666666667, 0
0.0692960833333, 0.0888171666667, 0.0, 0.9, 0.666666666667, 0
0.088865294, 0.105404956, 0.0, 0.828571428571, 0.666666666667, 0
0.0871251253333, 0.106699854, 0.0, 0.828571428571, 0.666666666667, 0
0.105732881333, 0.477119272, 0.0, 0.985714285714, 0.666666666667, 0
0.0916055, 0.10254425, 0.0, 0.871428571429, 0.666666666667, 0
0.110964372667, 0.178217, 0.0, 0.871428571429, 0.666666666667, 0
0.335384837333, 1.0, 0.0, 0.857142857143, 0.666666666667, 0
0.093707, 0.1123885, 0.0, 0.828571428571, 0.666666666667, 0
0.0859605, 0.0961711666667, 0.0, 0.828571428571, 0.666666666667, 0
0.0996585, 0.1129185, 0.0, 0.857142857143, 0.666666666667, 0
0.0728845, 0.0955729166667, 0.0, 0.828571428571, 0.666666666667, 0
0.107670338, 0.142238769333, 0.0, 0.828571428571, 0.666666666667, 0
0.107670338, 0.142238769333, 0.0, 0.857142857143, 0.666666666667, 0
0.106125722, 0.139696678667, 0.0, 0.957142857143, 0.666666666667, 0
0.0781085833333, 0.110481146, 0.0, 0.957142857143, 0.666666666667, 0
0.08689732, 0.099518566, 0.0, 0.914285714286, 0.666666666667, 0
0.0789639426667, 0.195212772, 0.0, 0.914285714286, 0.666666666667, 0
0.08256925, 0.103384, 0.0, 0.914285714286, 0.666666666667, 0
0.08167875, 0.099846, 0.0, 0.942857142857, 0.666666666667, 0
0.0877635, 0.0975386666667, 0.0, 0.828571428571, 0.666666666667, 0
0.0706415746667, 0.0864563113333, 0.0, 0.828571428571, 0.666666666667, 0
0.125640166667, 0.18209925, 0.0, 0.9, 0.666666666667, 0
0.0728109866667, 0.129614285333, 0.0, 0.871428571429, 0.666666666667, 0
0.0775963813333, 0.0966703773333, 0.0, 0.871428571429, 0.666666666667, 0
0.0775963813333, 0.0966703773333, 0.0, 0.9, 0.666666666667, 0
0.301177914667, 1.0, 0.01, 0.942857142857, 0.666666666667, 0
0.301177914667, 1.0, 0.01, 0.942857142857, 0.666666666667, 0
0.301177914667, 1.0, 0.01, 1.0, 0.666666666667, 0
0.107574346667, 0.133783539333, 0.0, 0.928571428571, 0.666666666667, 0
0.115464583333, 0.179830833333, 0.0, 0.928571428571, 0.666666666667, 0
0.09616, 0.139691333333, 0.0, 0.814285714286, 0.666666666667, 0
0.09616, 0.139691333333, 0.0, 0.814285714286, 0.666666666667, 0
0.0852601186667, 0.137378142, 0.0, 0.971428571429, 0.666666666667, 0
0.0635310353333, 0.070530272, 0.0, 0.942857142857, 0.666666666667, 0
0.117094214667, 0.325673078667, 0.0, 0.942857142857, 0.666666666667, 0
0.0621692893333, 0.0699686753333, 0.0, 0.942857142857, 0.666666666667, 0
0.0695032126667, 0.0800754073333, 0.0, 0.957142857143, 0.666666666667, 0
0.0734184166667, 0.106919333333, 0.0, 0.957142857143, 0.666666666667, 0
0.0572033333333, 0.0670276666667, 0.0, 0.957142857143, 0.666666666667, 0
0.0564704793333, 0.0711753446667, 0.0, 0.957142857143, 0.666666666667, 0
0.055332342, 0.0662033026667, 0.0, 0.957142857143, 0.666666666667, 0
0.0973211666667, 0.141605192667, 0.0, 0.971428571429, 0.666666666667, 0
0.056790478, 0.0691176006667, 0.0, 0.942857142857, 0.666666666667, 0
0.0665773726667, 0.0841401006667, 0.0, 0.942857142857, 0.666666666667, 0
0.0853084213333, 0.118624741333, 0.0, 0.928571428571, 0.666666666667, 0
0.0528914166667, 0.0638488333333, 0.0, 0.957142857143, 0.666666666667, 0
0.0583511666667, 0.0683391666667, 0.0, 0.957142857143, 0.666666666667, 0
0.0528777693333, 0.0678964166667, 0.0, 0.728571428571, 0.666666666667, 0
0.141671333333, 0.70846, 0.0, 0.957142857143, 0.666666666667, 0
0.0604123466667, 0.0727116753333, 0.0, 0.957142857143, 0.666666666667, 0
0.0765359426667, 0.081103294, 0.0, 0.928571428571, 0.666666666667, 0
0.073797092, 0.0865243466667, 0.0, 0.914285714286, 0.666666666667, 0
0.068358042, 0.102820125333, 0.0, 0.914285714286, 0.666666666667, 0
0.302373212667, 1.0, 0.01, 0.928571428571, 0.666666666667, 0
0.0627200833333, 0.0764491666667, 0.0, 0.914285714286, 0.666666666667, 0
0.0628122853333, 0.073383728, 0.0, 0.914285714286, 0.666666666667, 0
0.0549645306667, 0.067486548, 0.0, 0.928571428571, 0.666666666667, 0
0.0472663506667, 0.065242044, 0.0, 0.942857142857, 0.666666666667, 0
0.0586842453333, 0.0757505306667, 0.0, 0.942857142857, 0.666666666667, 0
0.0666759166667, 0.0814746666667, 0.0, 0.928571428571, 0.666666666667, 0
0.0578303333333, 0.0724625833333, 0.0, 0.985714285714, 0.666666666667, 0
0.04983925, 0.0615766666667, 0.0, 0.985714285714, 0.666666666667, 0
0.0538668613333, 0.0664718793333, 0.0, 0.928571428571, 0.666666666667, 0
0.0663712793333, 0.0778381253333, 0.0, 0.928571428571, 0.666666666667, 0
0.0571332106667, 0.0688315573333, 0.0, 0.928571428571, 0.666666666667, 0
0.0697670786667, 0.0823208593333, 0.0, 0.985714285714, 0.666666666667, 0
0.063261022, 0.0711558506667, 0.0, 0.971428571429, 0.666666666667, 0
0.0776957546667, 0.150546991333, 0.0, 0.971428571429, 0.666666666667, 0
0.0560711406667, 0.067489088, 0.0, 0.928571428571, 0.666666666667, 0
0.0619404253333, 0.073211386, 0.0, 0.928571428571, 0.666666666667, 0
0.0696936093333, 0.078084592, 0.0, 0.914285714286, 0.666666666667, 0
0.070361816, 0.113876947333, 0.0, 0.971428571429, 0.666666666667, 0
0.0515818813333, 0.0641312453333, 0.0, 0.971428571429, 0.666666666667, 0
0.04453425, 0.0593149606667, 0.0, 0.928571428571, 0.666666666667, 0
0.0567048333333, 0.0699610833333, 0.0, 0.871428571429, 0.666666666667, 0
0.064202066, 0.0790890833333, 0.0, 0.871428571429, 0.666666666667, 0
0.049895794, 0.0640091093333, 0.0, 0.9, 0.666666666667, 0
0.0534376666667, 0.0628440833333, 0.0, 0.957142857143, 0.666666666667, 0
0.0651370586667, 0.148585664, 0.0, 0.957142857143, 0.666666666667, 0
0.0607030693333, 0.078805648, 0.0, 0.942857142857, 0.666666666667, 0
0.07986725, 0.154405666667, 0.0, 0.928571428571, 0.666666666667, 0
0.071668728, 0.108458298, 0.0, 0.928571428571, 0.666666666667, 0
0.0702074646667, 0.091741434, 0.0, 0.985714285714, 0.666666666667, 0
0.0672549166667, 0.0737928073333, 0.0, 0.928571428571, 0.666666666667, 0
0.0770055333333, 0.174708262, 0.0, 0.928571428571, 0.666666666667, 0
0.0752999606667, 0.122025605333, 0.0, 1.0, 0.666666666667, 0
0.0698498886667, 0.129680773333, 0.0, 0.8, 0.666666666667, 0
0.0727144166667, 0.2977765, 0.0, 0.8, 0.666666666667, 0
0.0763155, 0.119806083333, 0.0, 0.985714285714, 0.666666666667, 0
0.06160825, 0.0749895833333, 0.0, 0.957142857143, 0.666666666667, 0
0.074520854, 0.0936966873333, 0.0, 0.957142857143, 0.666666666667, 0
0.0594145046667, 0.0712409866667, 0.0, 0.971428571429, 0.666666666667, 0
0.220894887333, 1.0, 0.0, 0.928571428571, 0.666666666667, 0
0.0586718506667, 0.0691483286667, 0.0, 0.928571428571, 0.666666666667, 0
0.06569, 0.0722233333333, 0.0, 0.957142857143, 0.666666666667, 0
0.0531203726667, 0.063451026, 0.0, 0.957142857143, 0.666666666667, 0
0.0531203726667, 0.063451026, 0.0, 0.957142857143, 0.666666666667, 0
0.19616048, 1.0, 0.0, 0.942857142857, 0.666666666667, 0
0.0557378333333, 0.0686729906667, 0.0, 0.942857142857, 0.666666666667, 0
0.077106974, 0.156809122667, 0.0, 0.942857142857, 0.666666666667, 0
0.077106974, 0.156809122667, 0.0, 0.928571428571, 0.666666666667, 0
0.0592536713333, 0.0786750746667, 0.0, 0.742857142857, 0.666666666667, 0
0.0532669866667, 0.0648463246667, 0.0, 0.742857142857, 0.666666666667, 0
0.0582162806667, 0.0736977193333, 0.0, 0.957142857143, 0.666666666667, 0
0.0582162806667, 0.0736977193333, 0.0, 0.928571428571, 0.666666666667, 0
0.0792588426667, 0.134014981333, 0.0, 0.928571428571, 0.666666666667, 0
0.0792588426667, 0.134014981333, 0.0, 0.928571428571, 0.666666666667, 0
0.05924025, 0.070413614, 0.0, 0.942857142857, 0.666666666667, 0
0.0733401926667, 0.0844534253333, 0.0, 0.942857142857, 0.666666666667, 0
0.0736858246667, 0.203759789333, 0.0, 1.0, 0.666666666667, 0
0.0539163726667, 0.065722092, 0.0, 1.0, 0.666666666667, 0
0.0661044606667, 0.0848817853333, 0.0, 1.0, 0.666666666667, 0
0.08048432, 0.117497618667, 0.0, 1.0, 0.666666666667, 0
0.0590447546667, 0.0917695966667, 0.0, 0.985714285714, 0.666666666667, 0
0.0590447546667, 0.0917695966667, 0.0, 0.985714285714, 0.666666666667, 0
0.075540522, 0.097344, 0.0, 0.942857142857, 0.666666666667, 0
0.12003218, 0.442613539333, 0.0, 0.942857142857, 0.666666666667, 0
0.065568434, 0.0747618026667, 0.0, 0.942857142857, 0.666666666667, 0
0.0559864166667, 0.0712514166667, 0.0, 0.928571428571, 0.666666666667, 0
0.06001225, 0.0800740833333, 0.0, 0.942857142857, 0.666666666667, 0
0.0532786973333, 0.0644177893333, 0.0, 0.942857142857, 0.666666666667, 0
0.0561813506667, 0.0747846273333, 0.0, 0.928571428571, 0.666666666667, 0
0.05072068, 0.064839184, 0.0, 0.928571428571, 0.666666666667, 0
0.0535819826667, 0.064987224, 0.0, 0.928571428571, 0.666666666667, 0
0.063123776, 0.0756902633333, 0.0, 0.814285714286, 0.666666666667, 0
0.063123776, 0.0756902633333, 0.0, 0.928571428571, 0.666666666667, 0
0.0640647833333, 0.070735618, 0.0, 0.928571428571, 0.666666666667, 0
0.0794399166667, 0.08685075, 0.0, 0.928571428571, 0.666666666667, 0
0.0646663706667, 0.0773498146667, 0.0, 0.942857142857, 0.666666666667, 0
0.0536295833333, 0.06876275, 0.0, 0.942857142857, 0.666666666667, 0
0.0427602673333, 0.0553112106667, 0.0, 0.928571428571, 0.666666666667, 0
0.102555506667, 0.393192017333, 0.0, 1.0, 0.666666666667, 0
0.0765933906667, 0.167503864, 0.0, 0.957142857143, 0.666666666667, 0
0.076082904, 0.106496528, 0.0, 0.957142857143, 0.666666666667, 0
0.0986037366667, 0.153777447333, 0.0, 0.828571428571, 0.666666666667, 0
0.0907003726667, 0.147389228, 0.0, 0.928571428571, 0.666666666667, 0
0.089191712, 0.178764921333, 0.0, 0.928571428571, 0.666666666667, 0
0.101958479333, 0.169027416667, 0.0, 0.971428571429, 0.666666666667, 0
0.0734175, 0.118613083333, 0.0, 0.842857142857, 0.666666666667, 0
0.0789126446667, 0.170719376, 0.0, 0.842857142857, 0.666666666667, 0
0.080731478, 0.121488654667, 0.0, 0.928571428571, 0.666666666667, 0
0.0625507453333, 0.0781692853333, 0.0, 0.857142857143, 0.666666666667, 0
0.0881205613333, 0.101698702, 0.0, 0.857142857143, 0.666666666667, 0
0.074251452, 0.101069504667, 0.0, 0.942857142857, 0.666666666667, 0
0.0625367366667, 0.0830516886667, 0.0, 0.971428571429, 0.666666666667, 0
0.0625367366667, 0.0830516886667, 0.0, 0.971428571429, 0.666666666667, 0
0.061830092, 0.073708798, 0.0, 0.942857142857, 0.666666666667, 0
0.0968793233333, 0.129433707333, 0.0, 0.942857142857, 0.666666666667, 0
0.109545491333, 0.212518816, 0.0, 0.942857142857, 0.666666666667, 0
0.05569042, 0.07100072, 0.0, 0.928571428571, 0.666666666667, 0
0.05569042, 0.07100072, 0.0, 0.957142857143, 0.666666666667, 0
0.0576920526667, 0.0716937193333, 0.0, 0.957142857143, 0.666666666667, 0
0.086416462, 0.196611726, 0.0, 0.942857142857, 0.666666666667, 0
0.086416462, 0.196611726, 0.0, 0.928571428571, 0.666666666667, 0
0.070813, 0.0836105, 0.0, 0.928571428571, 0.666666666667, 0
0.0814041666667, 0.1572765, 0.0, 0.9, 0.666666666667, 0
0.0848359826667, 0.132624522, 0.0, 0.9, 0.666666666667, 0
0.0651791053333, 0.083005452, 0.0, 0.942857142857, 0.666666666667, 0
0.070085352, 0.106623666667, 0.0, 0.942857142857, 0.666666666667, 0
0.0818879213333, 0.092806526, 0.0, 0.942857142857, 0.666666666667, 0
0.083434892, 0.158321381333, 0.0, 1.0, 0.666666666667, 0
0.083434892, 0.158321381333, 0.0, 0.942857142857, 0.666666666667, 0
0.0690103286667, 0.0861285306667, 0.0, 0.942857142857, 0.666666666667, 0
0.0764080093333, 0.117818879333, 0.0, 0.928571428571, 0.666666666667, 0
0.0889181666667, 0.203950144667, 0.0, 0.928571428571, 0.666666666667, 0
0.0882465966667, 0.248754127333, 0.0, 0.942857142857, 0.666666666667, 0
0.0842098333333, 0.178477833333, 0.0, 0.942857142857, 0.666666666667, 0
0.0686365306667, 0.077601338, 0.0, 0.942857142857, 0.666666666667, 0
0.07898168, 0.127396741333, 0.0, 0.957142857143, 0.666666666667, 0
0.07898168, 0.127396741333, 0.0, 0.957142857143, 0.666666666667, 0
0.0602248246667, 0.08300632, 0.0, 0.942857142857, 0.666666666667, 0
0.625048298, 1.0, 0.0, 0.942857142857, 0.666666666667, 0
0.0773813333333, 0.0976358333333, 0.0, 0.942857142857, 0.666666666667, 0
0.0837749333333, 0.0968020386667, 0.0, 0.957142857143, 0.666666666667, 0
0.0837749333333, 0.0968020386667, 0.0, 0.957142857143, 0.666666666667, 0
0.196081205333, 1.0, 0.0, 0.971428571429, 0.666666666667, 0
0.0819059166667, 0.0894343333333, 0.0, 0.928571428571, 0.666666666667, 0
0.0999856406667, 0.203445131333, 0.0, 0.928571428571, 0.666666666667, 0
0.0647236273333, 0.0858633553333, 0.0, 0.928571428571, 0.666666666667, 0
0.0898481233333, 0.558012759333, 0.01, 0.971428571429, 0.666666666667, 0
0.118580294, 0.347064964667, 0.0, 0.971428571429, 0.666666666667, 0
0.0756511313333, 0.0836900173333, 0.0, 0.942857142857, 0.666666666667, 0
0.06856, 0.0808285, 0.0, 0.857142857143, 0.666666666667, 0
0.0698819953333, 0.123000513333, 0.0, 0.857142857143, 0.666666666667, 0
0.0663360833333, 0.0833110833333, 0.0, 0.857142857143, 0.666666666667, 0
0.082498066, 0.131385403333, 0.0, 0.871428571429, 0.666666666667, 0
0.0991836666667, 0.164337416667, 0.0, 0.871428571429, 0.666666666667, 0
0.0841504426667, 0.165260526, 0.0, 0.928571428571, 0.666666666667, 0
0.078087066, 0.142751631333, 0.0, 0.928571428571, 0.666666666667, 0
0.0846290686667, 0.157548024667, 0.0, 0.914285714286, 0.666666666667, 0
0.0432590833333, 0.06338525, 0.0, 0.928571428571, 0.666666666667, 0
0.0615847366667, 0.0750257633333, 0.0, 0.928571428571, 0.666666666667, 0
0.0696538613333, 0.0845351666667, 0.0, 0.928571428571, 0.666666666667, 0
0.270953952, 1.0, 0.0, 0.928571428571, 0.666666666667, 0
0.108464, 0.27258375, 0.0, 0.942857142857, 0.666666666667, 0
0.0932394213333, 0.149726284, 0.0, 0.942857142857, 0.666666666667, 0
0.0932394213333, 0.149726284, 0.0, 0.942857142857, 0.666666666667, 0
0.0932394213333, 0.149726284, 0.0, 0.942857142857, 0.666666666667, 0
0.0932394213333, 0.149726284, 0.0, 1.0, 0.666666666667, 0
0.0718810306667, 0.138731908, 0.0, 1.0, 0.666666666667, 0
0.0769100746667, 0.0905971973333, 0.0, 0.928571428571, 0.666666666667, 0
0.0670570613333, 0.177026776, 0.0, 0.842857142857, 0.666666666667, 0
0.0688634633333, 0.110859734, 0.0, 0.842857142857, 0.666666666667, 0
0.100486688667, 0.189764078667, 0.0, 0.942857142857, 0.666666666667, 0
0.0715367853333, 0.114380214667, 0.0, 0.942857142857, 0.666666666667, 0
0.0715367853333, 0.114380214667, 0.0, 0.928571428571, 0.666666666667, 0
0.0715367853333, 0.114380214667, 0.0, 0.828571428571, 0.666666666667, 0
0.0780588846667, 0.0947545906667, 0.0, 0.828571428571, 0.666666666667, 0
0.0936855, 0.14038975, 0.0, 0.842857142857, 0.666666666667, 0
0.0648160526667, 0.0927265046667, 0.0, 0.942857142857, 0.666666666667, 0
0.0970114953333, 0.164882421333, 0.0, 0.942857142857, 0.666666666667, 0
0.072520294, 0.0832300393333, 0.0, 0.942857142857, 0.666666666667, 0
0.179357546667, 1.0, 0.0, 0.942857142857, 0.666666666667, 0
0.0585731246667, 0.0717665093333, 0.0, 0.857142857143, 0.666666666667, 0
0.0951693333333, 0.176739083333, 0.0, 0.9, 0.666666666667, 0
0.0718777266667, 0.0980000193333, 0.0, 0.9, 0.666666666667, 0
0.0713401973333, 0.125155736667, 0.0, 0.871428571429, 0.666666666667, 0
0.079608358, 0.162776978, 0.0, 0.914285714286, 0.666666666667, 0
0.0635965786667, 0.0727977853333, 0.0, 0.914285714286, 0.666666666667, 0
0.0750104646667, 0.125359987333, 0.0, 0.928571428571, 0.666666666667, 0
0.067933114, 0.08294675, 0.0, 0.871428571429, 0.666666666667, 0
0.0827534166667, 0.114699702, 0.0, 0.871428571429, 0.666666666667, 0
0.0879395526667, 0.0979253286667, 0.0, 0.857142857143, 0.666666666667, 0
0.06388103, 0.0972570326667, 0.0, 0.814285714286, 0.666666666667, 0
0.0722983946667, 0.129651202, 0.0, 0.814285714286, 0.666666666667, 0
0.0676873793333, 0.095159786, 0.0, 0.814285714286, 0.666666666667, 0
0.0618890833333, 0.0766105046667, 0.0, 0.928571428571, 0.666666666667, 0
0.060137342, 0.072923908, 0.0, 0.928571428571, 0.666666666667, 0
0.0861500333333, 0.145814764667, 0.0, 0.928571428571, 0.666666666667, 0
0.0576518686667, 0.071921162, 0.0, 0.914285714286, 0.666666666667, 0
1.0, 1.0, 0.02, 0.9, 0.666666666667, 0
0.0766276666667, 0.104769416667, 0.0, 0.9, 0.666666666667, 0
0.0923632326667, 0.194935464667, 0.0, 0.814285714286, 0.666666666667, 0
0.0917484433333, 0.198737022, 0.0, 0.928571428571, 0.666666666667, 0
0.0917484433333, 0.198737022, 0.0, 0.928571428571, 0.666666666667, 0
0.377245794, 1.0, 0.03, 0.8, 0.666666666667, 0
0.0766754166667, 0.0889716666667, 0.0, 0.914285714286, 0.666666666667, 0
0.0749933333333, 0.0909878333333, 0.0, 0.914285714286, 0.666666666667, 0
0.104710522, 0.263952658, 0.0, 0.914285714286, 0.666666666667, 0
0.0609720446667, 0.0970121413333, 0.0, 0.914285714286, 0.666666666667, 0
0.0832151973333, 0.128823372667, 0.0, 0.914285714286, 0.666666666667, 0
0.072086724, 0.116845289333, 0.0, 0.942857142857, 0.666666666667, 0
0.0753270513333, 0.090703358, 0.0, 0.914285714286, 0.666666666667, 0
0.0531065786667, 0.0739215173333, 0.0, 0.914285714286, 0.666666666667, 0
0.0692282366667, 0.093523452, 0.0, 0.9, 0.666666666667, 0
0.0800674913333, 0.097298162, 0.0, 0.928571428571, 0.666666666667, 0
0.0831245613333, 0.0947869866667, 0.0, 0.928571428571, 0.666666666667, 0
0.140345474, 0.398628224667, 0.0, 0.971428571429, 0.666666666667, 0
0.140345474, 0.398628224667, 0.0, 0.914285714286, 0.666666666667, 0
0.140345474, 0.398628224667, 0.0, 0.914285714286, 0.666666666667, 0
0.140345474, 0.398628224667, 0.0, 0.914285714286, 0.666666666667, 0
0.140345474, 0.398628224667, 0.0, 1.0, 0.666666666667, 0
0.140345474, 0.398628224667, 0.0, 1.0, 0.666666666667, 0
0.665702632, 1.0, 0.02, 0.914285714286, 0.666666666667, 0
0.0923124586667, 0.239600292, 0.0, 0.942857142857, 0.666666666667, 0
0.087741412, 0.147397662, 0.0, 0.942857142857, 0.666666666667, 0
0.0833098333333, 0.159167666667, 0.0, 0.928571428571, 0.666666666667, 0
0.0842511666667, 0.171975666667, 0.0, 0.957142857143, 0.666666666667, 0
0.129556773333, 0.302400884667, 0.0, 0.957142857143, 0.666666666667, 0
0.102146937333, 0.153570125333, 0.0, 0.914285714286, 0.666666666667, 0
0.06694607, 0.15636457, 0.0, 0.914285714286, 0.666666666667, 0
0.105598842667, 0.241296602, 0.0, 0.957142857143, 0.666666666667, 0
0.107291708667, 0.199196278, 0.0, 0.942857142857, 0.666666666667, 0
0.107291708667, 0.199196278, 0.0, 0.942857142857, 0.666666666667, 0
0.107291708667, 0.199196278, 0.0, 0.928571428571, 0.666666666667, 0
0.107291708667, 0.199196278, 0.0, 0.971428571429, 0.666666666667, 0
0.107291708667, 0.199196278, 0.0, 0.971428571429, 0.666666666667, 0
0.107291708667, 0.199196278, 0.0, 0.957142857143, 0.666666666667, 0
0.107291708667, 0.199196278, 0.0, 0.985714285714, 0.666666666667, 0
0.107291708667, 0.199196278, 0.0, 0.985714285714, 0.666666666667, 0
0.318058838, 1.0, 0.0, 0.942857142857, 0.666666666667, 0
0.318058838, 1.0, 0.0, 0.942857142857, 0.666666666667, 0
0.318058838, 1.0, 0.0, 0.957142857143, 0.666666666667, 0
0.318058838, 1.0, 0.0, 0.957142857143, 0.666666666667, 0
0.101018096667, 0.220373197333, 0.0, 0.914285714286, 0.666666666667, 0
0.0843818886667, 0.165876638667, 0.0, 0.914285714286, 0.666666666667, 0
0.081277728, 0.108597846667, 0.0, 0.814285714286, 0.666666666667, 0
0.108983513333, 0.255693234, 0.0, 0.942857142857, 0.666666666667, 0
0.0845402126667, 0.133578941333, 0.0, 0.942857142857, 0.666666666667, 0
0.0639685613333, 0.0815785573333, 0.0, 0.928571428571, 0.666666666667, 0
0.093022796, 0.253809333333, 0.0, 0.928571428571, 0.666666666667, 0
0.104287448667, 0.154240482667, 0.0, 0.928571428571, 0.666666666667, 0
0.448226798667, 1.0, 0.01, 0.928571428571, 0.666666666667, 0
0.0802474253333, 0.120291605333, 0.0, 0.928571428571, 0.666666666667, 0
0.128657474, 0.389595078667, 0.0, 0.928571428571, 0.666666666667, 0
0.097445544, 0.168587083333, 0.0, 0.942857142857, 0.666666666667, 0
0.097445544, 0.168587083333, 0.0, 0.942857142857, 0.666666666667, 0
0.106388982667, 0.184510732667, 0.0, 0.971428571429, 0.666666666667, 0
0.081035816, 0.128213627333, 0.0, 0.957142857143, 0.666666666667, 0
0.076815, 0.1790705, 0.0, 0.957142857143, 0.666666666667, 0
0.0857196713333, 0.108537272, 0.0, 0.914285714286, 0.666666666667, 0
0.05394325, 0.0668385833333, 0.0, 0.957142857143, 0.666666666667, 0
0.6757432, 1.0, 0.01, 0.957142857143, 0.666666666667, 0
0.068750432, 0.126369664667, 0.0, 0.914285714286, 0.666666666667, 0
0.0994478886667, 0.211188222, 0.0, 0.942857142857, 0.666666666667, 0
0.0917584166667, 0.158473789333, 0.0, 0.942857142857, 0.666666666667, 0
0.0747897146667, 0.098044022, 0.0, 0.957142857143, 0.666666666667, 0
0.130426316, 0.252222086667, 0.0, 0.957142857143, 0.666666666667, 0
0.0995053306667, 0.238966557333, 0.0, 0.957142857143, 0.666666666667, 0
0.0995053306667, 0.238966557333, 0.0, 0.957142857143, 0.666666666667, 0
0.172139416667, 0.715303416667, 0.0, 0.914285714286, 0.666666666667, 0
0.172139416667, 0.715303416667, 0.0, 0.914285714286, 0.666666666667, 0
0.172139416667, 0.715303416667, 0.0, 0.914285714286, 0.666666666667, 0
0.172139416667, 0.715303416667, 0.0, 0.957142857143, 0.666666666667, 0
0.172139416667, 0.715303416667, 0.0, 0.957142857143, 0.666666666667, 0
0.172139416667, 0.715303416667, 0.0, 0.971428571429, 0.666666666667, 0
0.172139416667, 0.715303416667, 0.0, 0.971428571429, 0.666666666667, 0
0.172139416667, 0.715303416667, 0.0, 0.971428571429, 0.666666666667, 0
0.172139416667, 0.715303416667, 0.0, 0.957142857143, 0.666666666667, 0
1.0, 1.0, 0.0, 0.957142857143, 0.666666666667, 0
1.0, 1.0, 0.0, 0.957142857143, 0.666666666667, 0
1.0, 1.0, 0.0, 0.985714285714, 0.666666666667, 0
1.0, 1.0, 0.0, 0.985714285714, 0.666666666667, 0
1.0, 1.0, 0.0, 1.0, 0.666666666667, 0
1.0, 1.0, 0.0, 1.0, 0.666666666667, 0
1.0, 1.0, 0.0, 0.914285714286, 0.666666666667, 0
1.0, 1.0, 0.0, 0.971428571429, 0.666666666667, 0
1.0, 1.0, 0.0, 0.971428571429, 0.666666666667, 0
1.0, 0.715303416667, 0.0, 0.985714285714, 0.666666666667, 0
1.0, 0.715303416667, 0.0, 0.985714285714, 0.666666666667, 0
1.0, 1.0, 0.0, 1.0, 0.666666666667, 0
1.0, 1.0, 0.0, 1.0, 0.666666666667, 0
1.0, 1.0, 0.0, 0.914285714286, 0.666666666667, 0
1.0, 1.0, 0.0, 0.971428571429, 0.666666666667, 0
1.0, 0.715303416667, 0.0, 0.971428571429, 0.666666666667, 0
1.0, 0.715303416667, 0.0, 0.985714285714, 0.666666666667, 0
0.603833333333, 1.0, 0.0, 0.9, 0.666666666667, 0
0.603083333333, 1.0, 0.0, 0.9, 0.666666666667, 0
0.603083333333, 1.0, 0.0, 0.885714285714, 0.666666666667, 0
0.680118421333, 1.0, 0.0, 0.885714285714, 0.666666666667, 0
0.680118421333, 1.0, 0.0, 0.857142857143, 0.666666666667, 0
0.876916666667, 1.0, 0.0, 0.957142857143, 0.666666666667, 0
0.876916666667, 1.0, 0.0, 0.957142857143, 0.666666666667, 0
0.876916666667, 1.0, 0.0, 0.957142857143, 0.666666666667, 0
0.345706404667, 1.0, 0.0, 0.885714285714, 0.666666666667, 0
0.305060416667, 1.0, 0.0, 0.885714285714, 0.666666666667, 0
0.0290939166667, 0.04988075, 0.0, 0.885714285714, 0.666666666667, 0
0.049467546, 0.069978704, 0.0, 0.928571428571, 0.666666666667, 0
0.112286096667, 0.230049666667, 0.0, 0.985714285714, 0.666666666667, 0
0.112286096667, 0.230049666667, 0.0, 0.985714285714, 0.666666666667, 0
0.223445166667, 1.0, 0.0, 0.914285714286, 0.666666666667, 0
0.0433835, 0.0592235, 0.0, 0.914285714286, 0.666666666667, 0
0.0219006666667, 0.0391273333333, 0.0, 0.928571428571, 0.666666666667, 0
0.035706, 0.04994425, 0.0, 0.942857142857, 0.666666666667, 0
0.0342954166667, 0.0530955833333, 0.0, 0.942857142857, 0.666666666667, 0
0.04369275, 0.056976, 0.0, 0.928571428571, 0.666666666667, 0
0.0328499473333, 0.0491648333333, 0.0, 0.928571428571, 0.666666666667, 0
0.0449498333333, 0.0836803333333, 0.0, 0.914285714286, 0.666666666667, 0
0.0307873286667, 0.047045798, 0.0, 0.914285714286, 0.666666666667, 0
0.0760318333333, 0.471130333333, 0.0, 0.914285714286, 0.666666666667, 0
0.0760318333333, 0.471130333333, 0.0, 0.985714285714, 0.666666666667, 0
0.308008378667, 1.0, 0.0, 0.985714285714, 0.666666666667, 0
0.037682364, 0.050047886, 0.0, 0.985714285714, 0.666666666667, 0
0.0262369953333, 0.0434543286667, 0.0, 0.985714285714, 0.666666666667, 0
0.0466898333333, 0.12622325, 0.0, 0.928571428571, 0.666666666667, 0
0.0406515, 0.0798895, 0.0, 1.0, 0.666666666667, 0
0.0695454326667, 0.270481718667, 0.0, 0.928571428571, 0.666666666667, 0
0.030163, 0.04556175, 0.0, 0.928571428571, 0.666666666667, 0
0.0971983333333, 0.62876725, 0.0, 0.928571428571, 0.666666666667, 0
0.0535718333333, 0.316395, 0.0, 0.942857142857, 0.666666666667, 0
0.0278198333333, 0.04357225, 0.0, 0.957142857143, 0.666666666667, 0
0.0278198333333, 0.04357225, 0.0, 0.957142857143, 0.666666666667, 0
0.57577825, 1.0, 0.0, 0.971428571429, 0.666666666667, 0
0.411512843333, 1.0, 0.0, 0.971428571429, 0.666666666667, 0
0.151364144667, 1.0, 0.0, 0.942857142857, 0.666666666667, 0
0.151364144667, 1.0, 0.0, 0.957142857143, 0.666666666667, 0
0.685904458, 1.0, 0.0, 0.957142857143, 0.666666666667, 0
0.685904458, 1.0, 0.0, 0.914285714286, 0.666666666667, 0
0.155939859333, 1.0, 0.0, 0.985714285714, 0.666666666667, 0
0.0375493686667, 0.05549893, 0.0, 0.985714285714, 0.666666666667, 0
0.0559105, 0.0906753053333, 0.0, 0.942857142857, 0.666666666667, 0
0.106220537333, 1.0, 0.0, 0.957142857143, 0.666666666667, 0
0.0950154606667, 0.133659807333, 0.0, 0.957142857143, 0.666666666667, 0
0.211073305333, 1.0, 0.0, 1.0, 0.666666666667, 0
0.0966338686667, 0.199559596667, 0.0, 0.971428571429, 0.666666666667, 0
0.110984466667, 0.418861377333, 0.0, 0.971428571429, 0.666666666667, 0
0.12980922, 0.537208331333, 0.0, 1.0, 0.666666666667, 0
0.0818101053333, 0.107222969333, 0.0, 0.942857142857, 0.666666666667, 0
0.180609505333, 1.0, 0.01, 0.842857142857, 0.666666666667, 0
0.0936910833333, 0.95191925, 0.0, 0.842857142857, 0.666666666667, 0
0.209488710667, 1.0, 0.0, 0.942857142857, 0.666666666667, 0
0.209488710667, 1.0, 0.0, 0.985714285714, 0.666666666667, 0
0.502416666667, 1.0, 0.0, 0.985714285714, 0.666666666667, 0
0.502416666667, 1.0, 0.0, 0.971428571429, 0.666666666667, 0
0.5805, 1.0, 0.0, 0.971428571429, 0.666666666667, 0
0.5805, 1.0, 0.0, 0.971428571429, 0.666666666667, 0
0.71425, 1.0, 0.0, 0.971428571429, 0.666666666667, 0
0.71425, 1.0, 0.0, 0.971428571429, 0.666666666667, 0
0.781416666667, 1.0, 0.0, 0.528571428571, 0.666666666667, 0
0.781416666667, 1.0, 0.0, 0.971428571429, 0.666666666667, 0
0.573212482667, 1.0, 0.0, 0.971428571429, 0.666666666667, 0
0.573212482667, 1.0, 0.0, 0.971428571429, 0.666666666667, 0
0.573212482667, 1.0, 0.0, 0.8, 0.666666666667, 0
0.907643612, 1.0, 0.0, 0.8, 0.666666666667, 0
0.133684394667, 1.0, 0.0, 0.957142857143, 0.666666666667, 0
0.36048149, 1.0, 0.0, 0.928571428571, 0.666666666667, 0
0.36048149, 1.0, 0.0, 0.928571428571, 0.666666666667, 0
0.552629245333, 1.0, 0.01, 0.914285714286, 0.666666666667, 0
0.109631983333, 0.567008008667, 0.0, 0.942857142857, 0.666666666667, 0
0.109631983333, 0.567008008667, 0.0, 0.942857142857, 0.666666666667, 0
0.432318888667, 1.0, 0.01, 0.942857142857, 0.666666666667, 0
0.607833333333, 1.0, 0.0, 0.842857142857, 0.666666666667, 0
0.607833333333, 1.0, 0.0, 0.842857142857, 0.666666666667, 0
0.680381578667, 1.0, 0.0, 0.914285714286, 0.666666666667, 0
0.700166666667, 1.0, 0.0, 0.914285714286, 0.666666666667, 0
0.700166666667, 1.0, 0.0, 0.871428571429, 0.666666666667, 0
0.832583333333, 1.0, 0.0, 0.885714285714, 0.666666666667, 0
0.832583333333, 1.0, 0.0, 0.885714285714, 0.666666666667, 0
0.716972222, 1.0, 0.0, 0.928571428571, 0.666666666667, 0
0.730041666667, 1.0, 0.0, 0.971428571429, 0.666666666667, 0
0.935583333333, 1.0, 0.0, 0.971428571429, 0.666666666667, 0
1.0, 1.0, 0.0, 0.957142857143, 0.666666666667, 0
0.959695333333, 1.0, 0.0, 0.957142857143, 0.666666666667, 0
0.700166666667, 1.0, 0.0, 0.885714285714, 0.666666666667, 0
0.700166666667, 1.0, 0.0, 0.885714285714, 0.666666666667, 0
0.832583333333, 1.0, 0.0, 0.928571428571, 0.666666666667, 0
0.832583333333, 0.567008008667, 0.0, 0.971428571429, 0.666666666667, 0
0.716972222, 0.567008008667, 0.0, 0.971428571429, 0.666666666667, 0
0.730041666667, 1.0, 0.0, 0.957142857143, 0.666666666667, 0
0.935583333333, 1.0, 0.0, 0.957142857143, 0.666666666667, 0
1.0, 1.0, 0.0, 0.885714285714, 0.666666666667, 0
0.700166666667, 1.0, 0.0, 0.885714285714, 0.666666666667, 0
0.021699, 0.0421205, 0.0, 0.928571428571, 0.666666666667, 0
0.021699, 0.0421205, 0.0, 0.971428571429, 0.666666666667, 0
0.021699, 0.0421205, 0.0, 0.971428571429, 0.666666666667, 0
0.021699, 0.0421205, 0.0, 0.942857142857, 0.666666666667, 0
0.021699, 0.0421205, 0.0, 0.942857142857, 0.666666666667, 0
0.021699, 0.0421205, 0.0, 0.814285714286, 0.666666666667, 0
0.021699, 0.0421205, 0.0, 0.957142857143, 0.666666666667, 0
1.0, 1.0, 0.03, 0.957142857143, 0.666666666667, 0
1.0, 1.0, 0.03, 0.971428571429, 0.666666666667, 0
1.0, 1.0, 0.0, 0.9, 0.666666666667, 0
1.0, 1.0, 0.0, 0.9, 0.666666666667, 0
1.0, 1.0, 0.0, 0.857142857143, 0.666666666667, 0
1.0, 1.0, 0.0, 0.885714285714, 0.666666666667, 0
1.0, 1.0, 0.0, 0.885714285714, 0.666666666667, 0
1.0, 1.0, 0.0, 0.957142857143, 0.666666666667, 0
1.0, 1.0, 0.0, 0.957142857143, 0.666666666667, 0
1.0, 1.0, 0.01, 0.957142857143, 0.666666666667, 0
1.0, 1.0, 0.01, 0.971428571429, 0.666666666667, 0
0.562404833333, 1.0, 0.0, 0.971428571429, 0.666666666667, 0
0.562404833333, 1.0, 0.0, 0.971428571429, 0.666666666667, 0
0.0307581666667, 0.0500088333333, 0.0, 0.928571428571, 0.666666666667, 0
0.0256150833333, 0.0480548333333, 0.0, 0.928571428571, 0.666666666667, 0
0.03182825, 0.0618395833333, 0.0, 0.928571428571, 0.666666666667, 0
0.0501853333333, 0.0671636666667, 0.0, 0.957142857143, 0.666666666667, 0
0.0501853333333, 0.0671636666667, 0.0, 0.928571428571, 0.666666666667, 0
0.202057066667, 1.0, 0.0, 0.928571428571, 0.666666666667, 0
0.038367, 0.0562294166667, 0.0, 0.842857142857, 0.666666666667, 0
0.0296544166667, 0.05382625, 0.0, 0.942857142857, 0.666666666667, 0
0.0274096006667, 0.051897316, 0.0, 0.942857142857, 0.666666666667, 0
0.0274096006667, 0.051897316, 0.0, 0.957142857143, 0.666666666667, 0
0.0274096006667, 0.051897316, 0.0, 0.957142857143, 0.666666666667, 0
1.0, 1.0, 0.0, 0.957142857143, 0.666666666667, 0
0.0357193333333, 0.05569325, 0.0, 0.828571428571, 0.666666666667, 0
0.0295550526667, 0.053720974, 0.0, 0.828571428571, 0.666666666667, 0
0.0307395833333, 0.053222, 0.0, 0.828571428571, 0.666666666667, 0
0.0267036666667, 0.0503005, 0.0, 0.957142857143, 0.666666666667, 0
0.0398029166667, 0.0591449166667, 0.0, 0.928571428571, 0.666666666667, 0
0.0273548333333, 0.0511540833333, 0.0, 0.928571428571, 0.666666666667, 0
0.034321798, 0.053707728, 0.0, 0.9, 0.666666666667, 0
0.034321798, 0.053707728, 0.0, 0.957142857143, 0.666666666667, 0
0.034321798, 0.053707728, 0.0, 0.971428571429, 0.666666666667, 0
0.034321798, 0.053707728, 0.0, 0.971428571429, 0.666666666667, 0
1.0, 1.0, 0.02, 0.957142857143, 0.666666666667, 0
1.0, 1.0, 0.02, 0.957142857143, 0.666666666667, 0
1.0, 1.0, 0.02, 0.957142857143, 0.666666666667, 0
0.139031412, 1.0, 0.0, 0.8, 0.666666666667, 0
0.139031412, 1.0, 0.0, 0.942857142857, 0.666666666667, 0
1.0, 1.0, 0.0, 0.942857142857, 0.666666666667, 0
0.0327324166667, 0.05399925, 0.0, 0.914285714286, 0.666666666667, 0
0.0327324166667, 0.05399925, 0.0, 0.914285714286, 0.666666666667, 0
0.0327324166667, 0.05399925, 0.0, 0.914285714286, 0.666666666667, 0
0.0327324166667, 0.05399925, 0.0, 0.914285714286, 0.666666666667, 0
0.129757416667, 1.0, 0.0, 0.928571428571, 0.666666666667, 0
0.129757416667, 1.0, 0.0, 0.928571428571, 0.666666666667, 0
0.129757416667, 1.0, 0.0, 0.771428571429, 0.666666666667, 0
1.0, 1.0, 0.0, 0.9, 0.666666666667, 0
1.0, 1.0, 0.0, 0.9, 0.666666666667, 0
1.0, 1.0, 0.0, 0.971428571429, 0.666666666667, 0
1.0, 1.0, 0.0, 0.9, 0.666666666667, 0
1.0, 1.0, 0.0, 0.9, 0.666666666667, 0
1.0, 1.0, 0.0, 0.914285714286, 0.666666666667, 0
0.337138282, 1.0, 0.01, 0.871428571429, 0.666666666667, 0
0.0333001566667, 0.05454399, 0.0, 0.871428571429, 0.666666666667, 0
0.0333001566667, 0.05454399, 0.0, 0.971428571429, 0.666666666667, 0
0.0333001566667, 0.05454399, 0.0, 0.928571428571, 0.666666666667, 0
1.0, 1.0, 0.0, 0.914285714286, 0.666666666667, 0
0.478734833333, 1.0, 0.01, 0.957142857143, 0.666666666667, 0
0.904611111333, 1.0, 0.0, 0.957142857143, 0.666666666667, 0
0.904611111333, 1.0, 0.0, 0.957142857143, 0.666666666667, 0
1.0, 1.0, 0.0, 0.985714285714, 0.666666666667, 0
1.0, 1.0, 0.0, 0.985714285714, 0.666666666667, 0
1.0, 1.0, 0.0, 0.985714285714, 0.666666666667, 0
0.240062622667, 1.0, 0.0, 0.957142857143, 0.666666666667, 0
0.240062622667, 1.0, 0.0, 0.957142857143, 0.666666666667, 0
0.240062622667, 1.0, 0.0, 0.971428571429, 0.666666666667, 0
1.0, 1.0, 0.01, 0.971428571429, 0.666666666667, 0
1.0, 1.0, 0.01, 0.971428571429, 0.666666666667, 0
1.0, 1.0, 0.0, 0.914285714286, 0.666666666667, 0
0.602166083333, 1.0, 0.0, 0.971428571429, 0.666666666667, 0
0.602166083333, 1.0, 0.0, 0.971428571429, 0.666666666667, 0
1.0, 1.0, 0.0, 0.971428571429, 0.666666666667, 0
0.0290738333333, 0.0499456666667, 0.0, 0.928571428571, 0.666666666667, 0
0.0290738333333, 0.0499456666667, 0.0, 0.928571428571, 0.666666666667, 0
0.0290738333333, 0.0499456666667, 0.0, 0.928571428571, 0.666666666667, 0
0.0290738333333, 0.0499456666667, 0.0, 0.928571428571, 0.666666666667, 0
0.0290738333333, 0.0499456666667, 0.0, 0.928571428571, 0.666666666667, 0
0.0290738333333, 0.0499456666667, 0.0, 0.928571428571, 0.666666666667, 0
0.0290738333333, 0.0499456666667, 0.0, 0.928571428571, 0.666666666667, 0
0.0290738333333, 0.0499456666667, 0.0, 0.928571428571, 0.666666666667, 0
0.0290738333333, 0.0499456666667, 0.0, 0.928571428571, 0.666666666667, 0
0.0290738333333, 0.0499456666667, 0.0, 0.928571428571, 0.666666666667, 0
0.0290738333333, 0.0499456666667, 0.0, 0.928571428571, 0.666666666667, 0
0.0290738333333, 0.0499456666667, 0.0, 0.928571428571, 0.666666666667, 0
0.0290738333333, 0.0499456666667, 0.0, 0.928571428571, 0.666666666667, 0
0.0290738333333, 0.0499456666667, 0.0, 0.928571428571, 0.666666666667, 0
0.0290738333333, 0.0499456666667, 0.0, 0.928571428571, 0.666666666667, 0
0.0290738333333, 0.0499456666667, 0.0, 0.928571428571, 0.666666666667, 0
0.0290738333333, 0.0499456666667, 0.0, 0.928571428571, 0.666666666667, 0
0.0290738333333, 0.0499456666667, 0.0, 0.928571428571, 0.666666666667, 0
0.0376626406667, 0.061155136, 0.0, 0.971428571429, 0.666666666667, 0
0.0433093333333, 0.07455225, 0.0, 0.971428571429, 0.666666666667, 0
0.274350833333, 1.0, 0.0, 0.914285714286, 0.666666666667, 0
0.0449782586667, 0.07029325, 0.0, 0.928571428571, 0.666666666667, 0
0.0322889473333, 0.0550715833333, 0.0, 0.928571428571, 0.666666666667, 0
0.0420873113333, 0.073379522, 0.0, 0.942857142857, 0.666666666667, 0
0.0468431093333, 0.06785318, 0.0, 0.914285714286, 0.666666666667, 0
0.133478569333, 1.0, 0.0, 0.914285714286, 0.666666666667, 0
0.133478569333, 1.0, 0.0, 0.914285714286, 0.666666666667, 0
1.0, 1.0, 0.01, 0.985714285714, 0.666666666667, 0
1.0, 1.0, 0.01, 0.985714285714, 0.666666666667, 0
0.611211120667, 1.0, 0.0, 0.957142857143, 0.666666666667, 0
0.036724574, 0.0663246206667, 0.0, 0.9, 0.666666666667, 0
0.038468352, 0.0622448706667, 0.0, 0.9, 0.666666666667, 0
0.0396417106667, 0.0612858946667, 0.0, 0.914285714286, 0.666666666667, 0
0.0524360133333, 0.0736147453333, 0.0, 0.914285714286, 0.666666666667, 0
0.040312066, 0.063613162, 0.0, 0.914285714286, 0.666666666667, 0
0.0522408333333, 0.071791, 0.0, 0.9, 0.666666666667, 0
0.0451448466667, 0.067472048, 0.0, 0.8, 0.666666666667, 0
0.0346669166667, 0.0573239166667, 0.0, 0.8, 0.666666666667, 0
0.0422445573333, 0.063402408, 0.0, 0.9, 0.666666666667, 0
0.0459591186667, 0.0676911406667, 0.0, 0.971428571429, 0.666666666667, 0
0.0368196886667, 0.060631026, 0.0, 0.971428571429, 0.666666666667, 0
0.0292113026667, 0.0549179033333, 0.0, 0.971428571429, 0.666666666667, 0
0.0389214913333, 0.0639578686667, 0.0, 0.942857142857, 0.666666666667, 0
0.0503605833333, 0.0701068793333, 0.0, 0.942857142857, 0.666666666667, 0
0.0451453333333, 0.0626919166667, 0.0, 0.942857142857, 0.666666666667, 0
0.0418115, 0.0626409166667, 0.0, 0.914285714286, 0.666666666667, 0
0.0331375086667, 0.0581747586667, 0.0, 0.914285714286, 0.666666666667, 0
0.0449010833333, 0.0693699866667, 0.0, 0.942857142857, 0.666666666667, 0
0.173109964667, 1.0, 0.0, 0.942857142857, 0.666666666667, 0
0.027728, 0.05347143, 0.0, 0.928571428571, 0.666666666667, 0
0.0574190833333, 0.0810837586667, 0.0, 0.914285714286, 0.666666666667, 0
0.0345835, 0.0608696666667, 0.0, 0.914285714286, 0.666666666667, 0
0.0292463686667, 0.0548753593333, 0.0, 0.928571428571, 0.666666666667, 0
0.198274166667, 1.0, 0.0, 0.928571428571, 0.666666666667, 0
0.0382935353333, 0.0626051053333, 0.0, 0.928571428571, 0.666666666667, 0
0.0467855, 0.0717743333333, 0.0, 0.928571428571, 0.666666666667, 0
0.0371488333333, 0.06096625, 0.0, 0.914285714286, 0.666666666667, 0
0.037747092, 0.0619693073333, 0.0, 0.914285714286, 0.666666666667, 0
0.277418708667, 1.0, 0.0, 0.914285714286, 0.666666666667, 0
0.0452493286667, 0.0676843113333, 0.0, 0.928571428571, 0.666666666667, 0
0.0296050133333, 0.052803614, 0.0, 0.928571428571, 0.666666666667, 0
0.705079164, 1.0, 0.01, 0.928571428571, 0.666666666667, 0
0.051074386, 0.071359706, 0.0, 0.914285714286, 0.666666666667, 0
0.0346472366667, 0.0576390613333, 0.0, 0.914285714286, 0.666666666667, 0
0.040944298, 0.0670940966667, 0.0, 0.957142857143, 0.666666666667, 0
0.049369526, 0.071557772, 0.0, 0.985714285714, 0.666666666667, 0
0.037289668, 0.0625361906667, 0.0, 0.985714285714, 0.666666666667, 0
0.033203206, 0.0601696886667, 0.0, 0.942857142857, 0.666666666667, 0
0.0379707326667, 0.0649332586667, 0.0, 0.928571428571, 0.666666666667, 0
0.045087136, 0.068802, 0.0, 0.928571428571, 0.666666666667, 0
0.03324775, 0.0589625833333, 0.0, 0.928571428571, 0.666666666667, 0
0.0379272453333, 0.0596477673333, 0.0, 0.971428571429, 0.666666666667, 0
0.03790175, 0.0641430833333, 0.0, 0.971428571429, 0.666666666667, 0
0.0413089166667, 0.0654005833333, 0.0, 0.9, 0.666666666667, 0
0.0398887366667, 0.060851798, 0.0, 0.942857142857, 0.666666666667, 0
0.0370578906667, 0.0617192193333, 0.0, 0.942857142857, 0.666666666667, 0
0.0471838333333, 0.0682015, 0.0, 0.914285714286, 0.666666666667, 0
0.0490818686667, 0.0647150573333, 0.0, 0.928571428571, 0.666666666667, 0
0.05100325, 0.07157975, 0.0, 0.928571428571, 0.666666666667, 0
0.03279875, 0.0563234166667, 0.0, 0.914285714286, 0.666666666667, 0
0.0302755833333, 0.0565000833333, 0.0, 0.914285714286, 0.666666666667, 0
0.0494469166667, 0.0722584166667, 0.0, 0.914285714286, 0.666666666667, 0
0.0309320746667, 0.0535206973333, 0.0, 0.928571428571, 0.666666666667, 0
0.037512952, 0.0635391753333, 0.0, 0.928571428571, 0.666666666667, 0
0.0576363273333, 0.120097908667, 0.0, 0.928571428571, 0.666666666667, 0
0.0430410786667, 0.062910588, 0.0, 0.914285714286, 0.666666666667, 0
0.056972276, 0.0773524686667, 0.0, 0.928571428571, 0.666666666667, 0
0.227920138, 1.0, 0.0, 0.928571428571, 0.666666666667, 0
0.0445382453333, 0.0653963773333, 0.0, 0.885714285714, 0.666666666667, 0
0.048670604, 0.102986186667, 0.0, 0.985714285714, 0.666666666667, 0
0.041078488, 0.063956282, 0.0, 0.985714285714, 0.666666666667, 0
0.158939274667, 1.0, 0.0, 0.971428571429, 0.666666666667, 0
0.0308571093333, 0.0573835133333, 0.0, 0.928571428571, 0.666666666667, 0
0.0459576006667, 0.070117592, 0.0, 0.928571428571, 0.666666666667, 0
0.027539, 0.0543980833333, 0.0, 0.928571428571, 0.666666666667, 0
0.050331276, 0.069477452, 0.0, 0.971428571429, 0.666666666667, 0
0.178489288, 1.0, 0.01, 0.971428571429, 0.666666666667, 0
0.040514908, 0.0666561186667, 0.0, 0.928571428571, 0.666666666667, 0
0.0398536666667, 0.0632496666667, 0.0, 0.957142857143, 0.666666666667, 0
0.03163457, 0.055422474, 0.0, 0.957142857143, 0.666666666667, 0
0.039250276, 0.066215588, 0.0, 0.928571428571, 0.666666666667, 0
0.310984697333, 1.0, 0.0, 0.985714285714, 0.666666666667, 0
0.054488478, 0.0769074166667, 0.0, 0.985714285714, 0.666666666667, 0
0.0341731753333, 0.058365228, 0.0, 0.928571428571, 0.666666666667, 0
0.0445555353333, 0.067430408, 0.0, 0.814285714286, 0.666666666667, 0
0.0327005746667, 0.058558592, 0.0, 0.814285714286, 0.666666666667, 0
0.234974405333, 1.0, 0.0, 0.914285714286, 0.666666666667, 0
0.034507202, 0.0568310833333, 0.0, 0.942857142857, 0.666666666667, 0
0.0412589826667, 0.0637895393333, 0.0, 0.942857142857, 0.666666666667, 0
0.0396121186667, 0.065757342, 0.0, 0.928571428571, 0.666666666667, 0
0.125800924667, 0.78665305, 0.0, 0.928571428571, 0.666666666667, 0
0.03047825, 0.0563795, 0.0, 0.928571428571, 0.666666666667, 0
0.0427273333333, 0.0664734166667, 0.0, 0.928571428571, 0.666666666667, 0
0.0421834386667, 0.0623484426667, 0.0, 0.914285714286, 0.666666666667, 0
0.029827908, 0.055920206, 0.0, 0.914285714286, 0.666666666667, 0
0.0300974166667, 0.0573190833333, 0.0, 0.9, 0.666666666667, 0
0.0275450833333, 0.0435019166667, 0.0, 0.914285714286, 0.666666666667, 0
0.0275450833333, 0.0435019166667, 0.0, 0.914285714286, 0.666666666667, 0
0.0275450833333, 0.0435019166667, 0.0, 0.914285714286, 0.666666666667, 0
0.0275450833333, 0.0435019166667, 0.0, 0.914285714286, 0.666666666667, 0
0.0275450833333, 0.0435019166667, 0.0, 0.914285714286, 0.666666666667, 0
0.0275450833333, 0.0435019166667, 0.0, 0.914285714286, 0.666666666667, 0
0.0275450833333, 0.0435019166667, 0.0, 0.914285714286, 0.666666666667, 0
0.0275450833333, 0.0435019166667, 0.0, 0.914285714286, 0.666666666667, 0
0.0275450833333, 0.0435019166667, 0.0, 0.914285714286, 0.666666666667, 0
0.0275450833333, 0.0435019166667, 0.0, 0.914285714286, 0.666666666667, 0
0.0275450833333, 0.0435019166667, 0.0, 0.914285714286, 0.666666666667, 0
0.0275450833333, 0.0435019166667, 0.0, 0.914285714286, 0.666666666667, 0
0.0275450833333, 0.0435019166667, 0.0, 0.914285714286, 0.666666666667, 0
0.0275450833333, 0.0435019166667, 0.0, 0.914285714286, 0.666666666667, 0
0.0275450833333, 0.0435019166667, 0.0, 0.914285714286, 0.666666666667, 0
0.0275450833333, 0.0435019166667, 0.0, 0.914285714286, 0.666666666667, 0
0.0275450833333, 0.0435019166667, 0.0, 0.914285714286, 0.666666666667, 0
0.0275450833333, 0.0435019166667, 0.0, 0.914285714286, 0.666666666667, 0
0.0275450833333, 0.0435019166667, 0.0, 0.914285714286, 0.666666666667, 0
0.0275450833333, 0.0435019166667, 0.0, 0.914285714286, 0.666666666667, 0
0.0275450833333, 0.0435019166667, 0.0, 0.914285714286, 0.666666666667, 0
0.0275450833333, 0.0435019166667, 0.0, 0.914285714286, 0.666666666667, 0
0.0275450833333, 0.0435019166667, 0.0, 0.914285714286, 0.666666666667, 0
0.0275450833333, 0.0435019166667, 0.0, 0.914285714286, 0.666666666667, 0
0.0275450833333, 0.0435019166667, 0.0, 0.914285714286, 0.666666666667, 0
0.0275450833333, 0.0435019166667, 0.0, 0.914285714286, 0.666666666667, 0
0.06557655, 0.105372312, 0.03, 0.885714285714, 0.666666666667, 0
0.0580915326667, 0.082373972, 0.03, 0.885714285714, 0.666666666667, 0
0.296471476667, 1.0, 0.03, 0.871428571429, 0.666666666667, 0
0.0806132706667, 0.098555502, 0.02, 0.971428571429, 0.666666666667, 0
0.061001138, 0.0826207966667, 0.01, 0.971428571429, 0.666666666667, 0
0.061001138, 0.0826207966667, 0.01, 0.985714285714, 0.666666666667, 0
0.061001138, 0.0826207966667, 0.01, 0.928571428571, 0.666666666667, 0
0.061001138, 0.0826207966667, 0.01, 0.928571428571, 0.666666666667, 0
0.061001138, 0.0826207966667, 0.01, 0.928571428571, 0.666666666667, 0
0.061001138, 0.0826207966667, 0.01, 0.928571428571, 0.666666666667, 0
0.061001138, 0.0826207966667, 0.01, 0.928571428571, 0.666666666667, 0
0.061001138, 0.0826207966667, 0.01, 0.928571428571, 0.666666666667, 0
0.061001138, 0.0826207966667, 0.01, 0.928571428571, 0.666666666667, 0
0.061001138, 0.0826207966667, 0.01, 0.928571428571, 0.666666666667, 0
0.061001138, 0.0826207966667, 0.01, 0.928571428571, 0.666666666667, 0
0.0869321946667, 1.0, 0.02, 0.942857142857, 0.666666666667, 0
0.115792157333, 0.140547656667, 0.03, 0.9, 0.666666666667, 0
0.365566512667, 1.0, 0.04, 0.9, 0.666666666667, 0
0.0568933153333, 0.0789769093333, 0.01, 0.928571428571, 0.666666666667, 0
0.0821449746667, 0.104802056667, 0.05, 0.957142857143, 0.666666666667, 0
0.0821449746667, 0.104802056667, 0.05, 0.957142857143, 0.666666666667, 0
0.0821449746667, 0.104802056667, 0.05, 0.957142857143, 0.666666666667, 0
0.0821449746667, 0.104802056667, 0.05, 0.957142857143, 0.666666666667, 0
0.0821449746667, 0.104802056667, 0.05, 0.957142857143, 0.666666666667, 0
0.147595390667, 0.398185647333, 0.05, 0.942857142857, 0.666666666667, 0
0.108669542, 0.143848465333, 0.02, 0.942857142857, 0.666666666667, 0
0.0838128013333, 0.117986794667, 0.03, 0.871428571429, 0.666666666667, 0
0.057248922, 0.0800328413333, 0.02, 0.928571428571, 0.666666666667, 0
0.0660822626667, 0.205020498667, 0.0, 0.928571428571, 0.666666666667, 0
0.101735380667, 0.136712506, 0.01, 0.928571428571, 0.666666666667, 0
0.0768661546667, 0.104265860667, 0.04, 0.9, 0.666666666667, 0
0.0922194673333, 0.120177596, 0.03, 0.9, 0.666666666667, 0
0.0676646126667, 0.088504986, 0.03, 0.885714285714, 0.666666666667, 0
0.0628566813333, 0.0929539786667, 0.02, 0.942857142857, 0.666666666667, 0
0.111165947333, 0.163454351333, 0.05, 0.942857142857, 0.666666666667, 0
0.13106059, 0.197093852667, 0.02, 0.871428571429, 0.666666666667, 0
0.0652236166667, 0.0905892266667, 0.04, 0.885714285714, 0.666666666667, 0
0.13436079, 0.218363418, 0.04, 0.885714285714, 0.666666666667, 0
0.153595152, 0.263228472, 0.05, 0.9, 0.666666666667, 0
0.0687311826667, 0.09088589, 0.05, 0.885714285714, 0.666666666667, 0
0.110258696667, 0.167695316, 0.04, 0.885714285714, 0.666666666667, 0
0.0541688846667, 0.0803155606667, 0.02, 0.928571428571, 0.666666666667, 0
0.124838763333, 0.255755480667, 0.03, 0.942857142857, 0.666666666667, 0
0.0733165533333, 0.0936439106667, 0.05, 0.942857142857, 0.666666666667, 0
0.066994286, 0.0862308453333, 0.02, 0.928571428571, 0.666666666667, 0
0.0914121593333, 0.103177979333, 0.04, 0.928571428571, 0.666666666667, 0
0.0509155133333, 0.073974038, 0.01, 0.928571428571, 0.666666666667, 0
0.13985836, 0.516234447333, 0.01, 0.914285714286, 0.666666666667, 0
0.102430138, 0.131258237333, 0.03, 0.914285714286, 0.666666666667, 0
0.089988178, 0.11921742, 0.03, 0.914285714286, 0.666666666667, 0
0.08551051, 0.122500368667, 0.03, 0.9, 0.666666666667, 0
0.106295358, 0.144532625333, 0.04, 0.871428571429, 0.666666666667, 0
0.171170684667, 0.600621398, 0.05, 0.871428571429, 0.666666666667, 0
0.079577194, 0.112487788667, 0.04, 0.9, 0.666666666667, 0
0.083507926, 0.109661052667, 0.04, 0.957142857143, 0.666666666667, 0
0.0744541513333, 0.093018964, 0.04, 0.957142857143, 0.666666666667, 0
0.0907353373333, 0.116384481333, 0.04, 0.928571428571, 0.666666666667, 0
0.0726098953333, 0.091970404, 0.02, 0.942857142857, 0.666666666667, 0
0.050679906, 0.071549404, 0.01, 0.942857142857, 0.666666666667, 0
0.063714156, 0.0945105586667, 0.02, 0.542857142857, 0.666666666667, 0
0.062705804, 0.088405002, 0.03, 0.971428571429, 0.666666666667, 0
0.134209622, 0.486262541333, 0.02, 0.971428571429, 0.666666666667, 0
0.0606836913333, 0.0790512433333, 0.02, 0.914285714286, 0.666666666667, 0
0.096998866, 0.169112398, 0.03, 0.928571428571, 0.666666666667, 0
0.080995694, 0.105140383333, 0.02, 0.928571428571, 0.666666666667, 0
0.0527102926667, 0.072805048, 0.02, 0.928571428571, 0.666666666667, 0
0.0527102926667, 0.072805048, 0.02, 0.928571428571, 0.666666666667, 0
0.359029948, 1.0, 0.01, 0.928571428571, 0.666666666667, 0
0.0580371946667, 0.0740128173333, 0.01, 0.942857142857, 0.666666666667, 0
0.052460314, 0.070421584, 0.01, 0.971428571429, 0.666666666667, 0
0.103552756667, 0.162946814667, 0.01, 0.971428571429, 0.666666666667, 0
0.0570050306667, 0.0769136133333, 0.01, 0.928571428571, 0.666666666667, 0
0.063872718, 0.0964197046667, 0.01, 0.914285714286, 0.666666666667, 0
