0.409967723333, 1.0, 0.0, 1.0, 0.666666666667, 0
0.409967723333, 1.0, 0.0, 1.0, 0.666666666667, 0
0.409967723333, 1.0, 0.0, 1.0, 0.666666666667, 0
0.600158284, 1.0, 0.01, 1.0, 0.666666666667, 0
0.414633708667, 1.0, 0.02, 1.0, 0.666666666667, 0
0.414633708667, 1.0, 0.02, 1.0, 0.666666666667, 0
0.599421491333, 1.0, 0.02, 1.0, 0.666666666667, 0
0.307871666667, 1.0, 0.0, 1.0, 0.666666666667, 0
0.307871666667, 1.0, 0.0, 1.0, 0.666666666667, 0
0.564242757333, 1.0, 0.02, 1.0, 0.666666666667, 0
0.564242757333, 1.0, 0.02, 1.0, 0.666666666667, 0
0.692640830667, 1.0, 0.02, 1.0, 0.666666666667, 0
0.692640830667, 1.0, 0.02, 1.0, 0.666666666667, 0
0.573234908, 1.0, 0.02, 1.0, 0.666666666667, 0
0.573234908, 1.0, 0.02, 1.0, 0.666666666667, 0
0.512599718, 1.0, 0.02, 1.0, 0.666666666667, 0
0.512599718, 1.0, 0.02, 1.0, 0.666666666667, 0
0.512599718, 1.0, 0.02, 1.0, 0.666666666667, 0
1.0, 1.0, 0.0, 0.785714285714, 0.666666666667, 0
1.0, 1.0, 0.0, 1.0, 0.666666666667, 0
0.413441478, 1.0, 0.01, 1.0, 0.666666666667, 0
0.413441478, 1.0, 0.01, 1.0, 0.666666666667, 0
0.412924555333, 1.0, 0.01, 1.0, 0.666666666667, 0
0.721909049333, 1.0, 0.02, 1.0, 0.666666666667, 0
0.721909049333, 1.0, 0.02, 1.0, 0.666666666667, 0
0.721958102, 1.0, 0.02, 1.0, 0.666666666667, 0
0.721958102, 1.0, 0.02, 1.0, 0.666666666667, 0
0.680310998, 1.0, 0.01, 1.0, 0.666666666667, 0
0.535877767333, 1.0, 0.02, 1.0, 0.666666666667, 0
0.535877767333, 1.0, 0.02, 1.0, 0.666666666667, 0
0.647348432, 1.0, 0.01, 1.0, 0.666666666667, 0
0.647348432, 1.0, 0.01, 1.0, 0.666666666667, 0
0.577802377333, 1.0, 0.02, 1.0, 0.666666666667, 0
0.550262299333, 1.0, 0.01, 0.942857142857, 0.666666666667, 0
0.550262299333, 1.0, 0.01, 0.942857142857, 0.666666666667, 0
0.550262299333, 1.0, 0.01, 1.0, 0.666666666667, 0
0.627957111333, 1.0, 0.02, 1.0, 0.666666666667, 0
0.379813888667, 1.0, 0.01, 1.0, 0.666666666667, 0
0.379813888667, 1.0, 0.01, 1.0, 0.666666666667, 0
0.634796856, 1.0, 0.02, 1.0, 0.666666666667, 0
0.634796856, 1.0, 0.02, 1.0, 0.666666666667, 0
0.642681296, 1.0, 0.0, 1.0, 0.666666666667, 0
0.548568492, 1.0, 0.01, 1.0, 0.666666666667, 0
0.548568492, 1.0, 0.01, 1.0, 0.666666666667, 0
0.359669041333, 1.0, 0.0, 1.0, 0.666666666667, 0
0.652242516667, 1.0, 0.02, 1.0, 0.666666666667, 0
0.652242516667, 1.0, 0.02, 1.0, 0.666666666667, 0
0.269814, 0.719616979333, 0.0, 1.0, 0.666666666667, 0
0.414907111333, 1.0, 0.0, 1.0, 0.666666666667, 0
0.422826981333, 1.0, 0.0, 1.0, 0.666666666667, 0
0.422826981333, 1.0, 0.0, 1.0, 0.666666666667, 0
0.423464041333, 1.0, 0.0, 1.0, 0.666666666667, 0
0.423464041333, 1.0, 0.0, 1.0, 0.666666666667, 0
0.373109434, 1.0, 0.0, 1.0, 0.666666666667, 0
0.373109434, 1.0, 0.0, 1.0, 0.666666666667, 0
0.450028917333, 1.0, 0.0, 1.0, 0.666666666667, 0
0.360051661333, 1.0, 0.01, 1.0, 0.666666666667, 0
0.397835233333, 1.0, 0.02, 0.371428571429, 0.666666666667, 0
0.281774920667, 1.0, 0.0, 0.371428571429, 0.666666666667, 0
0.281774920667, 1.0, 0.0, 1.0, 0.666666666667, 0
0.503753354, 1.0, 0.02, 1.0, 0.666666666667, 0
0.503753354, 1.0, 0.02, 1.0, 0.666666666667, 0
0.460602005333, 1.0, 0.03, 1.0, 0.666666666667, 0
0.460602005333, 1.0, 0.03, 1.0, 0.666666666667, 0
0.378398494667, 1.0, 0.01, 1.0, 0.666666666667, 0
0.527654708667, 1.0, 0.0, 1.0, 0.666666666667, 0
0.527654708667, 1.0, 0.0, 1.0, 0.666666666667, 0
0.453493340667, 1.0, 0.01, 1.0, 0.666666666667, 0
0.453493340667, 1.0, 0.01, 1.0, 0.666666666667, 0
0.454581987333, 1.0, 0.02, 1.0, 0.666666666667, 0
0.454581987333, 1.0, 0.02, 1.0, 0.666666666667, 0
0.421841418, 1.0, 0.01, 1.0, 0.666666666667, 0
0.385429546667, 1.0, 0.0, 1.0, 0.666666666667, 0
0.385429546667, 1.0, 0.0, 1.0, 0.666666666667, 0
0.665068754, 1.0, 0.01, 1.0, 0.666666666667, 0
0.382596563333, 1.0, 0.01, 1.0, 0.666666666667, 0
0.382596563333, 1.0, 0.01, 1.0, 0.666666666667, 0
0.382596563333, 1.0, 0.01, 1.0, 0.666666666667, 0
0.140973289333, 0.165944691333, 0.0, 1.0, 0.666666666667, 0
0.110515816, 0.12967175, 0.0, 1.0, 0.666666666667, 0
0.129016254667, 0.153712557333, 0.0, 1.0, 0.666666666667, 0
0.128646333333, 0.149113916667, 0.0, 1.0, 0.666666666667, 0
0.158923833333, 0.19823725, 0.0, 1.0, 0.666666666667, 0
0.129053, 0.15713025, 0.0, 1.0, 0.666666666667, 0
0.11892475, 0.1604175, 0.0, 0.957142857143, 0.666666666667, 0
0.1059255, 0.136125666667, 0.0, 0.957142857143, 0.666666666667, 0
0.126298416667, 0.159268833333, 0.0, 1.0, 0.666666666667, 0
0.117390758667, 0.152210232667, 0.0, 1.0, 0.666666666667, 0
0.0960525833333, 0.12967225, 0.0, 1.0, 0.666666666667, 0
0.104284083333, 0.130382416667, 0.0, 1.0, 0.666666666667, 0
0.105478460667, 0.130401228, 0.0, 1.0, 0.666666666667, 0
0.154812435333, 0.214124405333, 0.0, 1.0, 0.666666666667, 0
0.132768912, 0.168668662, 0.0, 1.0, 0.666666666667, 0
0.120117894667, 0.144073881333, 0.0, 1.0, 0.666666666667, 0
0.258207854, 1.0, 0.01, 1.0, 0.666666666667, 0
0.146365096667, 0.173765890667, 0.0, 1.0, 0.666666666667, 0
0.112376605333, 0.136406197333, 0.0, 1.0, 0.666666666667, 0
0.0875023333333, 0.110984833333, 0.0, 0.357142857143, 0.666666666667, 0
0.1035015, 0.1403925, 0.0, 1.0, 0.666666666667, 0
0.109881583333, 0.131106666667, 0.0, 1.0, 0.666666666667, 0
0.115084916667, 0.14544325, 0.0, 1.0, 0.666666666667, 0
0.148353583333, 0.341921555333, 0.01, 1.0, 0.666666666667, 0
0.288918574, 1.0, 0.01, 1.0, 0.666666666667, 0
0.25920575, 0.497536916667, 0.0, 1.0, 0.666666666667, 0
0.200658966, 0.272636475333, 0.0, 1.0, 0.666666666667, 0
0.200658966, 0.272636475333, 0.0, 1.0, 0.666666666667, 0
0.200658966, 0.272636475333, 0.0, 1.0, 0.666666666667, 0
0.200658966, 0.272636475333, 0.0, 1.0, 0.666666666667, 0
0.200658966, 0.272636475333, 0.0, 1.0, 0.666666666667, 0
0.200658966, 0.272636475333, 0.0, 0.371428571429, 0.666666666667, 0
0.127669083333, 0.1595735, 0.0, 0.371428571429, 0.666666666667, 0
0.15291875, 0.176848416667, 0.0, 1.0, 0.666666666667, 0
0.11019225, 0.138146583333, 0.0, 1.0, 0.666666666667, 0
0.131054833333, 0.164325666667, 0.0, 1.0, 0.666666666667, 0
0.142424197333, 0.170995868667, 0.0, 1.0, 0.666666666667, 0
0.142424197333, 0.170995868667, 0.0, 1.0, 0.666666666667, 0
0.122352916667, 0.180514666667, 0.0, 1.0, 0.666666666667, 0
0.123848482667, 0.172724166667, 0.0, 0.357142857143, 0.666666666667, 0
0.109148618667, 0.13498393, 0.0, 1.0, 0.666666666667, 0
0.201759416667, 0.28028925, 0.0, 1.0, 0.666666666667, 0
0.171304666667, 0.259415986667, 0.0, 1.0, 0.666666666667, 0
0.171304666667, 0.259415986667, 0.0, 1.0, 0.666666666667, 0
0.118626039333, 0.146655171333, 0.0, 1.0, 0.666666666667, 0
0.144753111333, 0.192851120667, 0.0, 1.0, 0.666666666667, 0
0.171844916667, 0.278535, 0.0, 1.0, 0.666666666667, 0
0.165590166667, 0.2113495, 0.0, 1.0, 0.666666666667, 0
0.128449666667, 0.166489416667, 0.0, 1.0, 0.666666666667, 0
0.126430416667, 0.161084, 0.0, 1.0, 0.666666666667, 0
0.139175741333, 0.198737236667, 0.0, 1.0, 0.666666666667, 0
0.13916425, 0.184712833333, 0.0, 1.0, 0.666666666667, 0
0.191743347333, 0.373492540667, 0.0, 1.0, 0.666666666667, 0
0.215406333333, 0.625947166667, 0.0, 1.0, 0.666666666667, 0
0.204969099333, 0.400507362667, 0.0, 1.0, 0.666666666667, 0
0.180496459333, 0.262792494, 0.0, 1.0, 0.666666666667, 0
0.235108542, 0.745306490667, 0.01, 1.0, 0.666666666667, 0
0.235108542, 0.745306490667, 0.01, 1.0, 0.666666666667, 0
0.710185465333, 1.0, 0.03, 1.0, 0.666666666667, 0
0.912953718, 1.0, 0.03, 1.0, 0.666666666667, 0
0.114945083333, 0.1439125, 0.0, 1.0, 0.666666666667, 0
0.1461545, 0.171459083333, 0.0, 1.0, 0.666666666667, 0
0.104984952, 0.122026219333, 0.0, 1.0, 0.666666666667, 0
0.133465474, 0.163973794, 0.0, 1.0, 0.666666666667, 0
0.0972721666667, 0.122237666667, 0.0, 1.0, 0.666666666667, 0
0.131079158, 0.162091057333, 0.0, 1.0, 0.666666666667, 0
0.131897083333, 0.156686666667, 0.0, 1.0, 0.666666666667, 0
0.1387325, 0.15751175, 0.0, 1.0, 0.666666666667, 0
0.153321166667, 0.173946083333, 0.0, 1.0, 0.666666666667, 0
0.150476268667, 0.276767324, 0.0, 1.0, 0.666666666667, 0
0.18197225, 0.222838166667, 0.0, 1.0, 0.666666666667, 0
0.160571333333, 0.1950895, 0.0, 1.0, 0.666666666667, 0
0.17741125, 0.3751295, 0.0, 1.0, 0.666666666667, 0
0.169285833333, 0.290489416667, 0.0, 1.0, 0.666666666667, 0
0.126703631333, 0.157719763333, 0.0, 1.0, 0.666666666667, 0
0.17912775, 0.229238, 0.0, 1.0, 0.666666666667, 0
0.179106083333, 0.314844833333, 0.0, 1.0, 0.666666666667, 0
0.205584083333, 0.341722333333, 0.0, 1.0, 0.666666666667, 0
0.239704833333, 0.413266875333, 0.0, 1.0, 0.666666666667, 0
0.175178051333, 0.361373301333, 0.0, 1.0, 0.666666666667, 0
0.207610833333, 0.293410583333, 0.0, 1.0, 0.666666666667, 0
0.158797598, 0.375203054, 0.0, 1.0, 0.666666666667, 0
0.165014916667, 0.224682416667, 0.0, 1.0, 0.666666666667, 0
0.304879231333, 0.919347870667, 0.0, 1.0, 0.666666666667, 0
0.195214028, 0.677885388667, 0.0, 1.0, 0.666666666667, 0
0.195214028, 0.677885388667, 0.0, 1.0, 0.666666666667, 0
0.16804625, 0.2710915, 0.0, 0.357142857143, 0.666666666667, 0
0.19487375, 0.312983083333, 0.0, 0.357142857143, 0.666666666667, 0
0.199835916667, 0.448962916667, 0.0, 1.0, 0.666666666667, 0
0.249688725333, 1.0, 0.01, 1.0, 0.666666666667, 0
0.456660016667, 1.0, 0.0, 1.0, 0.666666666667, 0
0.160092916667, 0.215152416667, 0.0, 1.0, 0.666666666667, 0
0.133240083333, 0.162923083333, 0.0, 1.0, 0.666666666667, 0
0.13200775, 0.1522995, 0.0, 1.0, 0.666666666667, 0
0.210278735333, 0.617946950667, 0.0, 1.0, 0.666666666667, 0
0.145846833333, 0.197204083333, 0.0, 1.0, 0.666666666667, 0
0.122351833333, 0.15338875, 0.0, 1.0, 0.666666666667, 0
0.162598384, 0.215120698, 0.0, 1.0, 0.666666666667, 0
0.110910530667, 0.147456074667, 0.0, 1.0, 0.666666666667, 0
0.157463744667, 0.247695473333, 0.0, 1.0, 0.666666666667, 0
0.157463744667, 0.247695473333, 0.0, 1.0, 0.666666666667, 0
0.373023690667, 1.0, 0.02, 1.0, 0.666666666667, 0
0.154693, 0.224681166667, 0.0, 1.0, 0.666666666667, 0
0.193882649333, 0.25892193, 0.0, 1.0, 0.666666666667, 0
0.258821384667, 0.603873418, 0.0, 1.0, 0.666666666667, 0
0.202095203333, 0.712600452, 0.0, 1.0, 0.666666666667, 0
0.127123008667, 0.160162908, 0.0, 1.0, 0.666666666667, 0
0.1343395, 0.178080666667, 0.0, 1.0, 0.666666666667, 0
0.203416704, 0.508903638667, 0.0, 1.0, 0.666666666667, 0
0.206454833333, 0.41467475, 0.0, 1.0, 0.666666666667, 0
0.259619122667, 0.751672116, 0.0, 1.0, 0.666666666667, 0
0.27108075, 0.635133375333, 0.0, 1.0, 0.666666666667, 0
0.27108075, 0.635133375333, 0.0, 1.0, 0.666666666667, 0
1.0, 1.0, 0.03, 1.0, 0.666666666667, 0
1.0, 1.0, 0.03, 1.0, 0.666666666667, 0
1.0, 1.0, 0.03, 1.0, 0.666666666667, 0
0.194176021333, 0.34209135, 0.0, 1.0, 0.666666666667, 0
0.194586333333, 0.431461333333, 0.0, 1.0, 0.666666666667, 0
0.32105534, 0.935002558667, 0.0, 1.0, 0.666666666667, 0
0.32105534, 0.935002558667, 0.0, 1.0, 0.666666666667, 0
0.0950271293333, 0.119410259333, 0.0, 1.0, 0.666666666667, 0
0.11744325, 0.150599416667, 0.0, 0.314285714286, 0.666666666667, 0
0.175831692667, 0.310449969333, 0.0, 0.314285714286, 0.666666666667, 0
0.118516, 0.176309666667, 0.0, 1.0, 0.666666666667, 0
0.13268425, 0.165009083333, 0.0, 1.0, 0.666666666667, 0
0.152700962667, 0.239445129333, 0.0, 1.0, 0.666666666667, 0
0.147246712667, 0.239182583333, 0.0, 0.357142857143, 0.666666666667, 0
0.109833662, 0.182595364, 0.0, 1.0, 0.666666666667, 0
0.110569761333, 0.183361345333, 0.0, 1.0, 0.666666666667, 0
0.128591600667, 0.155645171333, 0.0, 1.0, 0.666666666667, 0
0.110550583333, 0.188204083333, 0.0, 1.0, 0.666666666667, 0
0.378532153333, 0.837995116, 0.0, 1.0, 0.666666666667, 0
0.180568833333, 0.257704, 0.0, 1.0, 0.666666666667, 0
0.103098333333, 0.139598166667, 0.0, 1.0, 0.666666666667, 0
0.114685416667, 0.146852083333, 0.0, 1.0, 0.666666666667, 0
0.117710166667, 0.182857666667, 0.0, 1.0, 0.666666666667, 0
0.07221575, 0.0994896666667, 0.0, 1.0, 0.666666666667, 0
0.112652083333, 0.137662333333, 0.0, 1.0, 0.666666666667, 0
0.0913611666667, 0.164827666667, 0.0, 1.0, 0.666666666667, 0
0.0923335, 0.116656, 0.0, 1.0, 0.666666666667, 0
0.133704916667, 0.163223666667, 0.0, 1.0, 0.666666666667, 0
0.273693555333, 1.0, 0.0, 1.0, 0.666666666667, 0
0.0934690833333, 0.121380166667, 0.0, 1.0, 0.666666666667, 0
0.124849388667, 0.147828981333, 0.0, 1.0, 0.666666666667, 0
0.150672513333, 0.202028224, 0.0, 1.0, 0.666666666667, 0
0.0856810833333, 0.115777916667, 0.0, 1.0, 0.666666666667, 0
0.100758333333, 0.242397333333, 0.0, 1.0, 0.666666666667, 0
0.117122916667, 0.142062083333, 0.0, 1.0, 0.666666666667, 0
0.0950311666667, 0.1288185, 0.0, 1.0, 0.666666666667, 0
0.1043155, 0.131873, 0.0, 1.0, 0.666666666667, 0
0.101607416667, 0.124912666667, 0.0, 1.0, 0.666666666667, 0
0.122417399333, 0.224244192667, 0.0, 1.0, 0.666666666667, 0
0.173026333333, 0.4830105, 0.0, 1.0, 0.666666666667, 0
0.118663763333, 0.182979824667, 0.0, 1.0, 0.666666666667, 0
0.094709, 0.11742525, 0.0, 1.0, 0.666666666667, 0
0.191457678667, 0.33808212, 0.0, 1.0, 0.666666666667, 0
0.0826164033333, 0.105799425333, 0.0, 1.0, 0.666666666667, 0
0.11429825, 0.1401765, 0.0, 1.0, 0.666666666667, 0
0.119631171333, 0.131395222, 0.0, 1.0, 0.666666666667, 0
0.0771553333333, 0.100843333333, 0.0, 1.0, 0.666666666667, 0
0.101374338, 0.151017732667, 0.0, 1.0, 0.666666666667, 0
0.0855156666667, 0.11808225, 0.0, 1.0, 0.666666666667, 0
0.146538638667, 0.225729416667, 0.0, 1.0, 0.666666666667, 0
0.164826096667, 0.263766718667, 0.0, 1.0, 0.666666666667, 0
0.100059, 0.12714425, 0.0, 1.0, 0.666666666667, 0
0.125551658, 0.271091109333, 0.0, 1.0, 0.666666666667, 0
0.155407138667, 0.28724575, 0.0, 1.0, 0.666666666667, 0
0.0935164166667, 0.117687666667, 0.0, 1.0, 0.666666666667, 0
0.158800833333, 0.341166333333, 0.0, 1.0, 0.666666666667, 0
0.151569474, 0.216221908, 0.0, 1.0, 0.666666666667, 0
0.1666945, 0.320920166667, 0.0, 1.0, 0.666666666667, 0
0.09669275, 0.114120666667, 0.0, 1.0, 0.666666666667, 0
0.13304707, 0.218611232667, 0.0, 1.0, 0.666666666667, 0
0.112684607333, 0.151310130667, 0.0, 1.0, 0.666666666667, 0
0.160683083333, 0.274556583333, 0.0, 1.0, 0.666666666667, 0
0.0961135233333, 0.125362951333, 0.0, 1.0, 0.666666666667, 0
0.136154682667, 0.228429460667, 0.0, 1.0, 0.666666666667, 0
0.150038964, 0.197187571333, 0.0, 1.0, 0.666666666667, 0
0.117011140667, 0.140058942667, 0.0, 1.0, 0.666666666667, 0
0.098160298, 0.133779017333, 0.0, 1.0, 0.666666666667, 0
0.176496444667, 0.734319002667, 0.01, 1.0, 0.666666666667, 0
0.11112775, 0.17972375, 0.0, 1.0, 0.666666666667, 0
0.0968161006667, 0.133642942667, 0.0, 1.0, 0.666666666667, 0
0.098387, 0.153994166667, 0.0, 1.0, 0.666666666667, 0
0.098387, 0.153994166667, 0.0, 1.0, 0.666666666667, 0
0.265984704, 1.0, 0.01, 1.0, 0.666666666667, 0
0.244204458667, 0.6550745, 0.0, 1.0, 0.666666666667, 0
0.111965640667, 0.160062583333, 0.0, 1.0, 0.666666666667, 0
0.111965640667, 0.160062583333, 0.0, 1.0, 0.666666666667, 0
0.332969698667, 1.0, 0.0, 1.0, 0.666666666667, 0
0.131670530667, 0.179762226667, 0.0, 1.0, 0.666666666667, 0
0.118629, 0.160429083333, 0.0, 1.0, 0.666666666667, 0
0.118629, 0.160429083333, 0.0, 1.0, 0.666666666667, 0
0.118201083333, 0.1641855, 0.0, 1.0, 0.666666666667, 0
0.118201083333, 0.1641855, 0.0, 1.0, 0.666666666667, 0
0.0951003333333, 0.1213295, 0.0, 1.0, 0.666666666667, 0
0.11196175, 0.17007325, 0.0, 1.0, 0.666666666667, 0
0.138707160667, 0.272323608, 0.0, 0.842857142857, 0.666666666667, 0
0.180963803333, 0.387678600667, 0.0, 1.0, 0.666666666667, 0
0.107893364, 0.162903408, 0.0, 1.0, 0.666666666667, 0
0.0808202853333, 0.110026224, 0.0, 1.0, 0.666666666667, 0
0.111549544, 0.135488776, 0.0, 1.0, 0.666666666667, 0
0.111549544, 0.135488776, 0.0, 1.0, 0.666666666667, 0
0.383904423333, 1.0, 0.0, 1.0, 0.666666666667, 0
0.114644962667, 0.559821490667, 0.0, 0.357142857143, 0.666666666667, 0
0.09912225, 0.12024525, 0.0, 0.357142857143, 0.666666666667, 0
0.0883936406667, 0.11816368, 0.0, 1.0, 0.666666666667, 0
0.0810623506667, 0.108954061333, 0.0, 1.0, 0.666666666667, 0
0.100975684, 0.203591525333, 0.0, 1.0, 0.666666666667, 0
0.09360325, 0.11754175, 0.0, 1.0, 0.666666666667, 0
0.0982078333333, 0.119526, 0.0, 1.0, 0.666666666667, 0
0.11241975, 0.140366166667, 0.0, 1.0, 0.666666666667, 0
0.0812834166667, 0.11335175, 0.0, 1.0, 0.666666666667, 0
0.0812834166667, 0.11335175, 0.0, 1.0, 0.666666666667, 0
0.244171692667, 1.0, 0.0, 1.0, 0.666666666667, 0
0.111178631333, 0.158721192667, 0.0, 0.371428571429, 0.666666666667, 0
0.142078702, 0.279573267333, 0.0, 1.0, 0.666666666667, 0
0.150657833333, 0.220425833333, 0.0, 1.0, 0.666666666667, 0
0.199889666667, 0.340985416667, 0.0, 1.0, 0.666666666667, 0
0.275642918, 1.0, 0.01, 1.0, 0.666666666667, 0
0.158691987333, 0.270575692667, 0.0, 1.0, 0.666666666667, 0
0.185362552667, 0.311504326667, 0.0, 1.0, 0.666666666667, 0
0.190547166667, 0.382131416667, 0.0, 1.0, 0.666666666667, 0
0.134433972, 0.191284222, 0.0, 1.0, 0.666666666667, 0
0.14079443, 0.197886903333, 0.0, 1.0, 0.666666666667, 0
0.140087684, 0.196283438667, 0.0, 1.0, 0.666666666667, 0
0.105793834667, 0.1687653, 0.0, 1.0, 0.666666666667, 0
0.143833083333, 0.228919666667, 0.0, 1.0, 0.666666666667, 0
0.226958138667, 0.458356972, 0.0, 1.0, 0.666666666667, 0
0.175128062667, 0.336397638667, 0.0, 1.0, 0.666666666667, 0
0.164931840667, 0.325499662, 0.0, 1.0, 0.666666666667, 0
0.14681825, 0.219336, 0.0, 0.4, 0.666666666667, 0
0.140769780667, 0.199630162, 0.0, 1.0, 0.666666666667, 0
0.140769780667, 0.199630162, 0.0, 1.0, 0.666666666667, 0
0.140555828667, 0.244513492667, 0.0, 1.0, 0.666666666667, 0
0.157126702, 0.277888964667, 0.0, 1.0, 0.666666666667, 0
0.113007976, 0.244220444667, 0.0, 1.0, 0.666666666667, 0
0.153253276, 0.270169192667, 0.0, 1.0, 0.666666666667, 0
0.153253276, 0.270169192667, 0.0, 0.314285714286, 0.666666666667, 0
0.1858205, 0.320950916667, 0.0, 0.314285714286, 0.666666666667, 0
0.175494166667, 0.38605025, 0.0, 0.914285714286, 0.666666666667, 0
0.14070275, 0.227750916667, 0.0, 0.914285714286, 0.666666666667, 0
0.139633175333, 0.214871324667, 0.0, 1.0, 0.666666666667, 0
0.149358545333, 0.259413394, 0.0, 1.0, 0.666666666667, 0
0.126626125333, 0.183772416667, 0.0, 1.0, 0.666666666667, 0
0.184834240667, 0.326710898, 0.0, 1.0, 0.666666666667, 0
0.340446988, 1.0, 0.01, 1.0, 0.666666666667, 0
0.138055609333, 0.209201588, 0.0, 1.0, 0.666666666667, 0
0.138055609333, 0.209201588, 0.0, 0.985714285714, 0.666666666667, 0
0.127192166667, 0.18987425, 0.0, 0.985714285714, 0.666666666667, 0
0.151574875333, 0.244104166667, 0.0, 1.0, 0.666666666667, 0
0.129514083333, 0.166200694667, 0.0, 1.0, 0.666666666667, 0
0.140975122667, 0.186515153333, 0.0, 1.0, 0.666666666667, 0
0.103759333333, 0.143104583333, 0.0, 1.0, 0.666666666667, 0
0.108965343333, 0.162892648667, 0.0, 1.0, 0.666666666667, 0
0.145868416667, 0.191874416667, 0.0, 1.0, 0.666666666667, 0
0.145868416667, 0.191874416667, 0.0, 1.0, 0.666666666667, 0
0.109784416667, 0.145623916667, 0.0, 1.0, 0.666666666667, 0
0.294092185333, 0.838443259333, 0.0, 1.0, 0.666666666667, 0
0.222334447333, 0.359874838, 0.0, 1.0, 0.666666666667, 0
0.196176534667, 0.412353352, 0.0, 1.0, 0.666666666667, 0
0.196176534667, 0.412353352, 0.0, 1.0, 0.666666666667, 0
0.267040019333, 0.542169452, 0.0, 1.0, 0.666666666667, 0
0.271285403333, 0.572433174, 0.0, 1.0, 0.666666666667, 0
0.234137, 0.38765875, 0.0, 1.0, 0.666666666667, 0
0.184370108, 0.230949220667, 0.0, 1.0, 0.666666666667, 0
0.123960333333, 0.16635675, 0.0, 1.0, 0.666666666667, 0
0.195811622667, 0.356209666667, 0.0, 1.0, 0.666666666667, 0
0.202427342, 0.360329228, 0.0, 1.0, 0.666666666667, 0
0.176491666667, 0.309726416667, 0.0, 1.0, 0.666666666667, 0
0.171116067333, 0.229571305333, 0.0, 1.0, 0.666666666667, 0
0.189855916667, 0.372405333333, 0.0, 1.0, 0.666666666667, 0
0.179441907333, 0.292449028, 0.0, 1.0, 0.666666666667, 0
0.175041379333, 0.223418629333, 0.0, 1.0, 0.666666666667, 0
0.249903416667, 0.398701916667, 0.0, 1.0, 0.666666666667, 0
0.153727416667, 0.185448583333, 0.0, 1.0, 0.666666666667, 0
0.184252576, 0.326878439333, 0.0, 1.0, 0.666666666667, 0
0.110101416667, 0.1630455, 0.0, 1.0, 0.666666666667, 0
0.215793982667, 0.350248644667, 0.0, 1.0, 0.666666666667, 0
0.246152240667, 0.439738435333, 0.0, 1.0, 0.666666666667, 0
0.178201807333, 0.244249561333, 0.0, 1.0, 0.666666666667, 0
0.243953944667, 0.42666525, 0.0, 1.0, 0.666666666667, 0
0.204120938667, 0.432597399333, 0.0, 1.0, 0.666666666667, 0
0.204120938667, 0.432597399333, 0.0, 1.0, 0.666666666667, 0
0.204120938667, 0.432597399333, 0.0, 1.0, 0.666666666667, 0
0.204120938667, 0.432597399333, 0.0, 1.0, 0.666666666667, 0
0.133776158, 0.197741258667, 0.0, 1.0, 0.666666666667, 0
0.183292095333, 0.351918202667, 0.0, 1.0, 0.666666666667, 0
0.123413583333, 0.176255416667, 0.0, 1.0, 0.666666666667, 0
0.152508, 0.197098416667, 0.0, 1.0, 0.666666666667, 0
0.207215833333, 0.349793166667, 0.0, 0.314285714286, 0.666666666667, 0
0.135391666667, 0.231509, 0.0, 0.314285714286, 0.666666666667, 0
0.135391666667, 0.231509, 0.0, 1.0, 0.666666666667, 0
0.135391666667, 0.231509, 0.0, 1.0, 0.666666666667, 0
0.169224447333, 0.260132692667, 0.0, 1.0, 0.666666666667, 0
0.15977275, 0.235766583333, 0.0, 1.0, 0.666666666667, 0
0.124016166667, 0.198784583333, 0.0, 1.0, 0.666666666667, 0
0.170274345333, 0.350064990667, 0.0, 1.0, 0.666666666667, 0
0.250619583333, 0.483648166667, 0.0, 1.0, 0.666666666667, 0
0.227522828667, 1.0, 0.01, 1.0, 0.666666666667, 0
0.188854916667, 0.482018583333, 0.0, 1.0, 0.666666666667, 0
0.150382474, 0.281618785333, 0.0, 1.0, 0.666666666667, 0
0.164035605333, 0.281829802667, 0.0, 1.0, 0.666666666667, 0
0.178992034, 0.286391083333, 0.0, 1.0, 0.666666666667, 0
0.099966574, 0.152066676, 0.0, 1.0, 0.666666666667, 0
0.186190285333, 0.319470092, 0.0, 1.0, 0.666666666667, 0
0.146208546, 0.204232620667, 0.0, 1.0, 0.666666666667, 0
0.136257583333, 0.26457175, 0.0, 1.0, 0.666666666667, 0
0.194178390667, 0.283191517333, 0.0, 1.0, 0.666666666667, 0
0.177631883333, 0.379068485333, 0.0, 1.0, 0.666666666667, 0
0.0998855833333, 0.13191475, 0.0, 1.0, 0.666666666667, 0
0.123865267333, 0.175279011333, 0.0, 1.0, 0.666666666667, 0
0.167308416667, 0.2872055, 0.0, 1.0, 0.666666666667, 0
0.121246583333, 0.162212416667, 0.0, 1.0, 0.666666666667, 0
0.190349333333, 0.27261375, 0.0, 1.0, 0.666666666667, 0
0.168221316, 0.280439908, 0.0, 1.0, 0.666666666667, 0
0.100264833333, 0.1295655, 0.0, 1.0, 0.666666666667, 0
0.100264833333, 0.1295655, 0.0, 1.0, 0.666666666667, 0
1.0, 1.0, 0.05, 1.0, 0.666666666667, 0
0.105862666667, 0.142171583333, 0.0, 1.0, 0.666666666667, 0
0.112883686, 0.169951808667, 0.0, 1.0, 0.666666666667, 0
0.263999203333, 0.964665108, 0.01, 1.0, 0.666666666667, 0
0.263999203333, 0.964665108, 0.01, 1.0, 0.666666666667, 0
0.219386588, 0.322576725333, 0.0, 1.0, 0.666666666667, 0
0.182933144667, 0.765141240667, 0.02, 1.0, 0.666666666667, 0
0.117339184, 0.238250728, 0.0, 1.0, 0.666666666667, 0
0.159560631333, 0.343643551333, 0.0, 1.0, 0.666666666667, 0
0.15201906, 0.320775794667, 0.0, 1.0, 0.666666666667, 0
0.317734341333, 1.0, 0.01, 1.0, 0.666666666667, 0
0.121692153333, 0.187532214667, 0.0, 0.371428571429, 0.666666666667, 0
0.167031179333, 0.359626282, 0.0, 1.0, 0.666666666667, 0
0.199194552667, 0.433933256667, 0.0, 1.0, 0.666666666667, 0
0.147112333333, 0.333457916667, 0.0, 1.0, 0.666666666667, 0
0.27235675, 1.0, 0.0, 1.0, 0.666666666667, 0
0.222890458667, 0.537382104, 0.0, 1.0, 0.666666666667, 0
0.235850168, 0.727004210667, 0.01, 1.0, 0.666666666667, 0
0.235850168, 0.727004210667, 0.01, 1.0, 0.666666666667, 0
0.235850168, 0.727004210667, 0.01, 1.0, 0.666666666667, 0
0.235850168, 0.727004210667, 0.01, 1.0, 0.666666666667, 0
0.235850168, 0.727004210667, 0.01, 1.0, 0.666666666667, 0
0.235850168, 0.727004210667, 0.01, 1.0, 0.666666666667, 0
0.235850168, 0.727004210667, 0.01, 1.0, 0.666666666667, 0
0.235850168, 0.727004210667, 0.01, 1.0, 0.666666666667, 0
0.442217578667, 1.0, 0.01, 1.0, 0.666666666667, 0
0.348431216, 1.0, 0.0, 1.0, 0.666666666667, 0
0.137697166667, 0.328665333333, 0.0, 1.0, 0.666666666667, 0
0.179555912, 0.362518048, 0.0, 1.0, 0.666666666667, 0
0.145494833333, 0.378228666667, 0.0, 1.0, 0.666666666667, 0
0.254252992667, 0.624523494, 0.0, 1.0, 0.666666666667, 0
0.094914942, 0.13341434, 0.0, 1.0, 0.666666666667, 0
0.20695725, 0.493387544, 0.0, 1.0, 0.666666666667, 0
0.177722168, 0.538457843333, 0.0, 1.0, 0.666666666667, 0
0.186288890667, 0.554159313333, 0.0, 1.0, 0.666666666667, 0
1.0, 1.0, 0.02, 1.0, 0.666666666667, 0
1.0, 1.0, 0.02, 1.0, 0.666666666667, 0
1.0, 1.0, 0.02, 1.0, 0.666666666667, 0
1.0, 1.0, 0.02, 1.0, 0.666666666667, 0
1.0, 1.0, 0.02, 1.0, 0.666666666667, 0
1.0, 1.0, 0.02, 1.0, 0.666666666667, 0
1.0, 1.0, 0.02, 1.0, 0.666666666667, 0
1.0, 1.0, 0.02, 1.0, 0.666666666667, 0
1.0, 1.0, 0.02, 1.0, 0.666666666667, 0
1.0, 1.0, 0.02, 1.0, 0.666666666667, 0
0.29033725, 1.0, 0.0, 1.0, 0.666666666667, 0
0.29033725, 1.0, 0.0, 1.0, 0.666666666667, 0
0.29033725, 1.0, 0.0, 1.0, 0.666666666667, 0
0.29033725, 1.0, 0.0, 1.0, 0.666666666667, 0
0.120471209333, 0.156633366, 0.0, 1.0, 0.666666666667, 0
0.129518088, 0.242778504667, 0.0, 1.0, 0.666666666667, 0
0.145091208667, 0.379376229333, 0.0, 1.0, 0.666666666667, 0
0.144156166667, 0.298491083333, 0.0, 0.785714285714, 0.666666666667, 0
0.253266424, 0.820180416667, 0.0, 0.785714285714, 0.666666666667, 0
0.106830539333, 0.152530030667, 0.0, 1.0, 0.666666666667, 0
0.142690416667, 0.25739525, 0.0, 1.0, 0.666666666667, 0
0.121560762667, 0.217988916667, 0.0, 1.0, 0.666666666667, 0
0.134224, 0.249742083333, 0.0, 1.0, 0.666666666667, 0
0.216026932, 1.0, 0.0, 1.0, 0.666666666667, 0
0.165306846667, 0.352699622667, 0.0, 1.0, 0.666666666667, 0
0.164678166667, 0.384512875333, 0.0, 1.0, 0.666666666667, 0
0.164678166667, 0.384512875333, 0.0, 1.0, 0.666666666667, 0
0.163808625333, 0.248776515333, 0.0, 1.0, 0.666666666667, 0
0.258127342667, 1.0, 0.0, 1.0, 0.666666666667, 0
0.166782095333, 0.402713312667, 0.0, 1.0, 0.666666666667, 0
0.149768730667, 0.378699356667, 0.0, 1.0, 0.666666666667, 0
0.171886166667, 0.321770166667, 0.0, 1.0, 0.666666666667, 0
0.162332343333, 0.473164276, 0.0, 1.0, 0.666666666667, 0
0.137387333333, 0.252126, 0.0, 1.0, 0.666666666667, 0
0.13936225, 0.207868194667, 0.0, 1.0, 0.666666666667, 0
0.167053666667, 0.339536666667, 0.0, 1.0, 0.666666666667, 0
0.219397100667, 1.0, 0.0, 1.0, 0.666666666667, 0
0.191686407333, 0.449489194667, 0.0, 1.0, 0.666666666667, 0
0.286919583333, 0.674629666667, 0.0, 1.0, 0.666666666667, 0
0.286919583333, 0.674629666667, 0.0, 1.0, 0.666666666667, 0
0.272106774667, 0.848198038, 0.0, 1.0, 0.666666666667, 0
0.272106774667, 0.848198038, 0.0, 1.0, 0.666666666667, 0
0.272106774667, 0.848198038, 0.0, 1.0, 0.666666666667, 0
0.272106774667, 0.848198038, 0.0, 0.857142857143, 0.666666666667, 0
0.272106774667, 0.848198038, 0.0, 0.857142857143, 0.666666666667, 0
0.272106774667, 0.848198038, 0.0, 1.0, 0.666666666667, 0
0.272106774667, 0.848198038, 0.0, 1.0, 0.666666666667, 0
0.00281191666667, 0.0112194166667, 0.0, 1.0, 0.666666666667, 0
0.00281191666667, 0.0112194166667, 0.0, 1.0, 0.666666666667, 0
0.00281191666667, 0.0112194166667, 0.0, 1.0, 0.666666666667, 0
0.00281191666667, 0.0112194166667, 0.0, 1.0, 0.666666666667, 0
0.395622457333, 1.0, 0.01, 1.0, 0.666666666667, 0
0.395622457333, 1.0, 0.01, 1.0, 0.666666666667, 0
0.395622457333, 1.0, 0.01, 1.0, 0.666666666667, 0
0.395622457333, 1.0, 0.01, 1.0, 0.666666666667, 0
0.395622457333, 1.0, 0.01, 1.0, 0.666666666667, 0
0.395622457333, 1.0, 0.01, 1.0, 0.666666666667, 0
0.00281191666667, 1.0, 0.01, 1.0, 0.666666666667, 0
0.00281191666667, 1.0, 0.01, 1.0, 0.666666666667, 0
0.395622457333, 1.0, 0.01, 1.0, 0.666666666667, 0
0.395622457333, 1.0, 0.01, 1.0, 0.666666666667, 0
0.056482408, 0.110235850667, 0.0, 1.0, 0.666666666667, 0
0.0549801666667, 0.0912345833333, 0.0, 1.0, 0.666666666667, 0
0.0549801666667, 0.0912345833333, 0.0, 1.0, 0.666666666667, 0
0.112094066, 0.236975350667, 0.0, 1.0, 0.666666666667, 0
0.112094066, 0.236975350667, 0.0, 1.0, 0.666666666667, 0
0.4459395, 1.0, 0.01, 1.0, 0.666666666667, 0
0.4459395, 1.0, 0.01, 1.0, 0.666666666667, 0
0.4459395, 1.0, 0.01, 1.0, 0.666666666667, 0
0.274858333333, 0.914613333333, 0.0, 1.0, 0.666666666667, 0
0.342971188667, 1.0, 0.0, 1.0, 0.666666666667, 0
0.107541, 0.13991425, 0.0, 1.0, 0.666666666667, 0
0.110404491333, 0.167111872667, 0.0, 1.0, 0.666666666667, 0
0.110404491333, 0.167111872667, 0.0, 1.0, 0.666666666667, 0
0.16958284, 0.441821508, 0.0, 1.0, 0.666666666667, 0
0.0978573333333, 0.13509925, 0.0, 1.0, 0.666666666667, 0
0.05229393, 0.0752404166667, 0.0, 1.0, 0.666666666667, 0
0.0569199033333, 0.076201272, 0.0, 1.0, 0.666666666667, 0
0.0632759646667, 0.0929057633333, 0.0, 1.0, 0.666666666667, 0
0.074134364, 0.0938984646667, 0.0, 1.0, 0.666666666667, 0
0.0711968506667, 0.0978691006667, 0.0, 1.0, 0.666666666667, 0
0.0657153333333, 0.10274025, 0.0, 1.0, 0.666666666667, 0
0.0857351666667, 0.109165333333, 0.0, 0.385714285714, 0.666666666667, 0
0.304016838, 1.0, 0.0, 0.385714285714, 0.666666666667, 0
0.304016838, 1.0, 0.0, 1.0, 0.666666666667, 0
0.0548747806667, 0.139599, 0.0, 1.0, 0.666666666667, 0
0.0447883333333, 0.0727275833333, 0.0, 1.0, 0.666666666667, 0
0.05530425, 0.0768100833333, 0.0, 1.0, 0.666666666667, 0
0.112272083333, 0.199691166667, 0.0, 1.0, 0.666666666667, 0
0.1060935, 0.25885825, 0.0, 1.0, 0.666666666667, 0
0.05678175, 0.08016, 0.0, 1.0, 0.666666666667, 0
0.0744222326667, 0.102887224, 0.0, 1.0, 0.666666666667, 0
0.120581478, 0.374574350667, 0.0, 1.0, 0.666666666667, 0
0.0786136666667, 0.13526375, 0.0, 1.0, 0.666666666667, 0
0.102323368667, 0.265202289333, 0.0, 1.0, 0.666666666667, 0
0.102323368667, 0.265202289333, 0.0, 1.0, 0.666666666667, 0
0.197264166667, 0.787006416667, 0.0, 1.0, 0.666666666667, 0
0.147237796, 0.585883778, 0.0, 1.0, 0.666666666667, 0
0.188368454, 0.984068796, 0.0, 1.0, 0.666666666667, 0
0.188368454, 0.984068796, 0.0, 1.0, 0.666666666667, 0
0.391861383333, 1.0, 0.0, 1.0, 0.666666666667, 0
0.391861383333, 1.0, 0.0, 1.0, 0.666666666667, 0
0.136811583333, 0.41772375, 0.0, 1.0, 0.666666666667, 0
0.0702186666667, 0.0945808333333, 0.0, 1.0, 0.666666666667, 0
0.110239833333, 0.236030583333, 0.0, 1.0, 0.666666666667, 0
0.153044370667, 0.448960638667, 0.0, 1.0, 0.666666666667, 0
0.123211258667, 0.259077607333, 0.0, 1.0, 0.666666666667, 0
0.0814608333333, 0.17927925, 0.0, 1.0, 0.666666666667, 0
0.0593925, 0.0828535833333, 0.0, 1.0, 0.666666666667, 0
0.110566214667, 0.167704188667, 0.0, 1.0, 0.666666666667, 0
0.058316702, 0.107203289333, 0.0, 1.0, 0.666666666667, 0
0.0682263333333, 0.09701275, 0.0, 1.0, 0.666666666667, 0
0.127867272, 0.290858491333, 0.0, 1.0, 0.666666666667, 0
0.0866027546667, 0.142815662, 0.0, 1.0, 0.666666666667, 0
0.140203236667, 0.396379333333, 0.0, 1.0, 0.666666666667, 0
0.140203236667, 0.396379333333, 0.0, 1.0, 0.666666666667, 0
0.302221778667, 1.0, 0.0, 1.0, 0.666666666667, 0
0.302221778667, 1.0, 0.0, 1.0, 0.666666666667, 0
0.327912328667, 1.0, 0.0, 1.0, 0.666666666667, 0
0.327912328667, 1.0, 0.0, 1.0, 0.666666666667, 0
0.297264074, 1.0, 0.0, 1.0, 0.666666666667, 0
0.297264074, 1.0, 0.0, 1.0, 0.666666666667, 0
0.196933552667, 0.409828092, 0.0, 1.0, 0.666666666667, 0
0.196933552667, 0.409828092, 0.0, 1.0, 0.666666666667, 0
0.3075575, 1.0, 0.0, 1.0, 0.666666666667, 0
0.3075575, 1.0, 0.0, 1.0, 0.666666666667, 0
0.3075575, 1.0, 0.0, 1.0, 0.666666666667, 0
0.358328949333, 1.0, 0.0, 1.0, 0.666666666667, 0
0.0708050833333, 0.143044916667, 0.0, 1.0, 0.666666666667, 0
0.145797194667, 0.293211490667, 0.0, 1.0, 0.666666666667, 0
0.145797194667, 0.293211490667, 0.0, 1.0, 0.666666666667, 0
0.317791228, 1.0, 0.0, 1.0, 0.666666666667, 0
0.352115289333, 1.0, 0.0, 0.428571428571, 0.666666666667, 0
0.352115289333, 1.0, 0.0, 0.428571428571, 0.666666666667, 0
0.319519149333, 1.0, 0.0, 1.0, 0.666666666667, 0
0.319519149333, 1.0, 0.0, 1.0, 0.666666666667, 0
0.639013175333, 1.0, 0.01, 1.0, 0.666666666667, 0
0.639013175333, 1.0, 0.01, 1.0, 0.666666666667, 0
0.334513732667, 1.0, 0.0, 1.0, 0.666666666667, 0
0.334513732667, 1.0, 0.0, 1.0, 0.666666666667, 0
0.354164919333, 1.0, 0.0, 1.0, 0.666666666667, 0
0.354164919333, 1.0, 0.0, 1.0, 0.666666666667, 0
0.416406138667, 1.0, 0.01, 1.0, 0.666666666667, 0
0.416406138667, 1.0, 0.01, 1.0, 0.666666666667, 0
0.562240020667, 1.0, 0.0, 1.0, 0.666666666667, 0
0.562240020667, 1.0, 0.0, 1.0, 0.666666666667, 0
0.337297794, 1.0, 0.0, 1.0, 0.666666666667, 0
0.337297794, 1.0, 0.0, 1.0, 0.666666666667, 0
0.341219934, 1.0, 0.0, 1.0, 0.666666666667, 0
0.341219934, 1.0, 0.0, 1.0, 0.666666666667, 0
0.643245172, 1.0, 0.01, 1.0, 0.666666666667, 0
0.643245172, 1.0, 0.01, 1.0, 0.666666666667, 0
0.336722505333, 1.0, 0.0, 1.0, 0.666666666667, 0
0.336722505333, 1.0, 0.0, 1.0, 0.666666666667, 0
0.185261708667, 1.0, 0.0, 1.0, 0.666666666667, 0
0.336722505333, 1.0, 0.0, 1.0, 0.666666666667, 0
0.185261708667, 1.0, 0.01, 1.0, 0.666666666667, 0
0.0304425833333, 0.0581608333333, 0.0, 0.457142857143, 0.666666666667, 0
0.0304425833333, 0.0581608333333, 0.0, 0.971428571429, 0.666666666667, 0
0.0304425833333, 0.0581608333333, 0.0, 0.971428571429, 0.666666666667, 0
0.0304425833333, 0.0581608333333, 0.0, 1.0, 0.666666666667, 0
0.0304425833333, 0.0581608333333, 0.0, 1.0, 0.666666666667, 0
0.0304425833333, 0.0581608333333, 0.0, 1.0, 0.666666666667, 0
0.0304425833333, 0.0581608333333, 0.0, 1.0, 0.666666666667, 0
1.0, 1.0, 0.0, 1.0, 0.666666666667, 0
1.0, 1.0, 0.0, 1.0, 0.666666666667, 0
0.254079524, 1.0, 0.0, 1.0, 0.666666666667, 0
0.254079524, 1.0, 0.0, 1.0, 0.666666666667, 0
0.254079524, 1.0, 0.0, 1.0, 0.666666666667, 0
0.2521425, 1.0, 0.0, 1.0, 0.666666666667, 0
0.2521425, 1.0, 0.0, 1.0, 0.666666666667, 0
0.2521425, 1.0, 0.0, 1.0, 0.666666666667, 0
0.2521425, 1.0, 0.0, 1.0, 0.666666666667, 0
0.967820861333, 1.0, 0.01, 1.0, 0.666666666667, 0
0.967820861333, 1.0, 0.01, 1.0, 0.666666666667, 0
0.0252394166667, 0.0536185833333, 0.0, 1.0, 0.666666666667, 0
0.0252394166667, 0.0536185833333, 0.0, 1.0, 0.666666666667, 0
0.0571046666667, 0.0822464166667, 0.0, 1.0, 0.666666666667, 0
0.0332081273333, 0.0599409606667, 0.0, 1.0, 0.666666666667, 0
0.0316305, 0.05738025, 0.0, 1.0, 0.666666666667, 0
0.033719, 0.06184775, 0.0, 1.0, 0.666666666667, 0
0.033719, 0.06184775, 0.0, 1.0, 0.666666666667, 0
0.030933526, 0.0598723073333, 0.0, 1.0, 0.666666666667, 0
0.0265148333333, 0.0560361666667, 0.0, 1.0, 0.666666666667, 0
0.0325750833333, 0.0658680926667, 0.0, 1.0, 0.666666666667, 0
0.0325750833333, 0.0658680926667, 0.0, 1.0, 0.666666666667, 0
0.0381259913333, 0.0633794426667, 0.0, 1.0, 0.666666666667, 0
0.0394915833333, 0.0664053333333, 0.0, 1.0, 0.666666666667, 0
0.0258145, 0.0556588333333, 0.0, 1.0, 0.666666666667, 0
0.0258145, 0.0556588333333, 0.0, 1.0, 0.666666666667, 0
0.0258145, 0.0556588333333, 0.0, 1.0, 0.666666666667, 0
0.561807778, 1.0, 0.0, 1.0, 0.666666666667, 0
0.030855066, 0.059352816, 0.0, 1.0, 0.666666666667, 0
0.0435735, 0.0670578333333, 0.0, 1.0, 0.666666666667, 0
0.0218824166667, 0.0501555833333, 0.0, 1.0, 0.666666666667, 0
0.0209644166667, 0.0492203333333, 0.0, 1.0, 0.666666666667, 0
0.027486, 0.05376325, 0.0, 1.0, 0.666666666667, 0
0.0242016666667, 0.0529664166667, 0.0, 1.0, 0.666666666667, 0
0.0343828333333, 0.059405, 0.0, 0.857142857143, 0.666666666667, 0
0.0343828333333, 0.059405, 0.0, 1.0, 0.666666666667, 0
0.0343828333333, 0.059405, 0.0, 1.0, 0.666666666667, 0
0.0343828333333, 0.059405, 0.0, 1.0, 0.666666666667, 0
0.156685179333, 1.0, 0.0, 1.0, 0.666666666667, 0
0.156685179333, 1.0, 0.0, 1.0, 0.666666666667, 0
0.156685179333, 1.0, 0.0, 1.0, 0.666666666667, 0
0.03677025, 0.07461375, 0.0, 1.0, 0.666666666667, 0
0.03677025, 0.07461375, 0.0, 1.0, 0.666666666667, 0
0.0214138686667, 0.050191798, 0.0, 1.0, 0.666666666667, 0
0.039923, 0.067666588, 0.0, 1.0, 0.666666666667, 0
0.039923, 0.067666588, 0.0, 1.0, 0.666666666667, 0
0.039923, 0.067666588, 0.0, 1.0, 0.666666666667, 0
0.039923, 0.067666588, 0.0, 1.0, 0.666666666667, 0
0.0254588333333, 0.0529084166667, 0.0, 1.0, 0.666666666667, 0
0.0254588333333, 0.0529084166667, 0.0, 1.0, 0.666666666667, 0
0.0254588333333, 0.0529084166667, 0.0, 1.0, 0.666666666667, 0
0.361608796667, 1.0, 0.0, 1.0, 0.666666666667, 0
0.361608796667, 1.0, 0.0, 1.0, 0.666666666667, 0
0.361608796667, 1.0, 0.0, 1.0, 0.666666666667, 0
0.361608796667, 1.0, 0.0, 1.0, 0.666666666667, 0
0.03363, 0.0612618333333, 0.0, 1.0, 0.666666666667, 0
0.03363, 0.0612618333333, 0.0, 1.0, 0.666666666667, 0
0.0310194953333, 0.0626053773333, 0.0, 1.0, 0.666666666667, 0
0.0346868333333, 0.0634499166667, 0.0, 1.0, 0.666666666667, 0
0.0346868333333, 0.0634499166667, 0.0, 1.0, 0.666666666667, 0
0.0346868333333, 0.0634499166667, 0.0, 1.0, 0.666666666667, 0
0.316901622667, 1.0, 0.0, 1.0, 0.666666666667, 0
0.316901622667, 1.0, 0.0, 1.0, 0.666666666667, 0
0.228653160667, 0.551633638667, 0.0, 1.0, 0.666666666667, 0
0.228653160667, 0.551633638667, 0.0, 1.0, 0.666666666667, 0
0.300247858, 1.0, 0.0, 1.0, 0.666666666667, 0
0.300247858, 1.0, 0.0, 1.0, 0.666666666667, 0
0.0329235353333, 0.0590293946667, 0.0, 1.0, 0.666666666667, 0
0.0329235353333, 0.0590293946667, 0.0, 1.0, 0.666666666667, 0
0.0329235353333, 0.0590293946667, 0.0, 1.0, 0.666666666667, 0
0.0329235353333, 0.0590293946667, 0.0, 1.0, 0.666666666667, 0
0.0348706666667, 0.0614638333333, 0.0, 1.0, 0.666666666667, 0
0.0348706666667, 0.0614638333333, 0.0, 1.0, 0.666666666667, 0
0.0348706666667, 0.0614638333333, 0.0, 1.0, 0.666666666667, 0
0.128312864, 0.266730855333, 0.0, 1.0, 0.666666666667, 0
0.128312864, 0.266730855333, 0.0, 1.0, 0.666666666667, 0
0.0356476666667, 0.0666680833333, 0.0, 1.0, 0.666666666667, 0
0.487809428667, 1.0, 0.0, 0.971428571429, 0.666666666667, 0
0.487809428667, 1.0, 0.0, 0.971428571429, 0.666666666667, 0
0.0566728333333, 0.244762976, 0.0, 1.0, 0.666666666667, 0
0.132693792, 0.949251958667, 0.0, 1.0, 0.666666666667, 0
0.132693792, 0.949251958667, 0.0, 1.0, 0.666666666667, 0
0.132693792, 0.949251958667, 0.0, 1.0, 0.666666666667, 0
0.132693792, 0.949251958667, 0.0, 1.0, 0.666666666667, 0
0.132693792, 0.949251958667, 0.0, 1.0, 0.666666666667, 0
0.132693792, 0.949251958667, 0.0, 1.0, 0.666666666667, 0
0.132693792, 0.949251958667, 0.0, 1.0, 0.666666666667, 0
0.132693792, 0.949251958667, 0.0, 1.0, 0.666666666667, 0
0.132693792, 0.949251958667, 0.0, 1.0, 0.666666666667, 0
0.132693792, 0.949251958667, 0.0, 1.0, 0.666666666667, 0
0.132693792, 0.949251958667, 0.0, 1.0, 0.666666666667, 0
0.132693792, 0.949251958667, 0.0, 1.0, 0.666666666667, 0
0.0516189166667, 0.0772970833333, 0.0, 1.0, 0.666666666667, 0
0.0441265353333, 0.0678111186667, 0.0, 1.0, 0.666666666667, 0
0.0366050306667, 0.0622193686667, 0.0, 1.0, 0.666666666667, 0
0.0382415833333, 0.0629585, 0.0, 1.0, 0.666666666667, 0
0.0371616273333, 0.06361968, 0.0, 1.0, 0.666666666667, 0
0.049227724, 0.0755352146667, 0.0, 1.0, 0.666666666667, 0
0.0446360833333, 0.0700525833333, 0.0, 1.0, 0.666666666667, 0
0.0380881226667, 0.0646297806667, 0.0, 1.0, 0.666666666667, 0
0.0380881226667, 0.0646297806667, 0.0, 1.0, 0.666666666667, 0
0.0642281666667, 0.0828078333333, 0.0, 1.0, 0.666666666667, 0
0.0642281666667, 0.0828078333333, 0.0, 1.0, 0.666666666667, 0
0.06028275, 0.0917728333333, 0.0, 1.0, 0.666666666667, 0
0.0478449166667, 0.0778500833333, 0.0, 1.0, 0.666666666667, 0
0.037702136, 0.0709893073333, 0.0, 1.0, 0.666666666667, 0
0.0270515833333, 0.05419425, 0.0, 1.0, 0.666666666667, 0
0.0467265833333, 0.07601575, 0.0, 1.0, 0.666666666667, 0
0.0405315, 0.0665800833333, 0.0, 1.0, 0.666666666667, 0
0.028728566, 0.0599434953333, 0.0, 1.0, 0.666666666667, 0
0.14724391, 0.809039370667, 0.0, 1.0, 0.666666666667, 0
0.0371453993333, 0.0636531446667, 0.0, 1.0, 0.666666666667, 0
0.0357416666667, 0.0613949166667, 0.0, 1.0, 0.666666666667, 0
0.0302344166667, 0.05577975, 0.0, 1.0, 0.666666666667, 0
0.0515883813333, 0.0807491973333, 0.0, 1.0, 0.666666666667, 0
0.0343293333333, 0.0606881666667, 0.0, 1.0, 0.666666666667, 0
0.0328471666667, 0.06196175, 0.0, 1.0, 0.666666666667, 0
0.0357025833333, 0.0667535833333, 0.0, 1.0, 0.666666666667, 0
0.049067478, 0.075078838, 0.0, 1.0, 0.666666666667, 0
0.0362428333333, 0.0640228333333, 0.0, 1.0, 0.666666666667, 0
0.03561825, 0.0640639166667, 0.0, 1.0, 0.666666666667, 0
0.0345011666667, 0.0590826666667, 0.0, 1.0, 0.666666666667, 0
0.04227675, 0.0645109166667, 0.0, 1.0, 0.666666666667, 0
0.0287461666667, 0.0583285833333, 0.0, 1.0, 0.666666666667, 0
0.0437770833333, 0.07307825, 0.0, 1.0, 0.666666666667, 0
0.0423565833333, 0.067893, 0.0, 1.0, 0.666666666667, 0
0.0473149166667, 0.0736623333333, 0.0, 1.0, 0.666666666667, 0
0.0535553246667, 0.0761654826667, 0.0, 1.0, 0.666666666667, 0
0.0325081093333, 0.0586699646667, 0.0, 1.0, 0.666666666667, 0
0.0492011666667, 0.0727701666667, 0.0, 1.0, 0.666666666667, 0
0.037619206, 0.060965934, 0.0, 1.0, 0.666666666667, 0
0.0349885786667, 0.0613596053333, 0.0, 1.0, 0.666666666667, 0
0.0570107413333, 0.08515293, 0.0, 1.0, 0.666666666667, 0
0.02707425, 0.0547460833333, 0.0, 1.0, 0.666666666667, 0
0.0403833773333, 0.063340088, 0.0, 1.0, 0.666666666667, 0
0.04938625, 0.07603325, 0.0, 1.0, 0.666666666667, 0
0.0432569166667, 0.0697098333333, 0.0, 1.0, 0.666666666667, 0
0.0366646666667, 0.0619858333333, 0.0, 1.0, 0.666666666667, 0
0.0514925626667, 0.272113211333, 0.0, 1.0, 0.666666666667, 0
0.04399575, 0.07198275, 0.0, 1.0, 0.666666666667, 0
0.0411479426667, 0.0676877193333, 0.0, 1.0, 0.666666666667, 0
0.036116, 0.0644389166667, 0.0, 1.0, 0.666666666667, 0
0.046133272, 0.073141224, 0.0, 1.0, 0.666666666667, 0
0.0821024906667, 0.507072129333, 0.01, 1.0, 0.666666666667, 0
0.0451463333333, 0.0761436666667, 0.0, 1.0, 0.666666666667, 0
0.032504636, 0.061976706, 0.0, 1.0, 0.666666666667, 0
0.044587, 0.0690790833333, 0.0, 1.0, 0.666666666667, 0
0.0424473333333, 0.0665044166667, 0.0, 1.0, 0.666666666667, 0
0.195601046, 1.0, 0.0, 1.0, 0.666666666667, 0
0.03231375, 0.0603791666667, 0.0, 1.0, 0.666666666667, 0
0.0339149166667, 0.0594570833333, 0.0, 1.0, 0.666666666667, 0
0.0333691666667, 0.0573158333333, 0.0, 1.0, 0.666666666667, 0
0.0314665, 0.0573815, 0.0, 1.0, 0.666666666667, 0
0.04200725, 0.0651011666667, 0.0, 1.0, 0.666666666667, 0
0.0380245, 0.0635255, 0.0, 1.0, 0.666666666667, 0
0.0485212326667, 0.0778656493333, 0.0, 1.0, 0.666666666667, 0
0.0352685, 0.06171775, 0.0, 1.0, 0.666666666667, 0
0.03247, 0.06054225, 0.0, 1.0, 0.666666666667, 0
0.03292925, 0.059043, 0.0, 1.0, 0.666666666667, 0
0.0480464166667, 0.0726008333333, 0.0, 1.0, 0.666666666667, 0
0.03198725, 0.0615315833333, 0.0, 1.0, 0.666666666667, 0
0.043533088, 0.0709400306667, 0.0, 1.0, 0.666666666667, 0
0.0497190833333, 0.0741060833333, 0.0, 1.0, 0.666666666667, 0
0.0337874166667, 0.0588233333333, 0.0, 1.0, 0.666666666667, 0
0.034018, 0.0592035833333, 0.0, 1.0, 0.666666666667, 0
0.029218, 0.05655275, 0.0, 1.0, 0.666666666667, 0
0.0375735833333, 0.0632383333333, 0.0, 1.0, 0.666666666667, 0
0.0418565, 0.0646430833333, 0.0, 1.0, 0.666666666667, 0
0.035882, 0.0599874166667, 0.0, 1.0, 0.666666666667, 0
0.038217158, 0.0648559033333, 0.0, 1.0, 0.666666666667, 0
0.0372346666667, 0.0648145, 0.0, 1.0, 0.666666666667, 0
0.0354939166667, 0.0575615833333, 0.0, 1.0, 0.666666666667, 0
0.043279974, 0.0723228946667, 0.0, 1.0, 0.666666666667, 0
0.03799625, 0.06790425, 0.0, 1.0, 0.666666666667, 0
0.0416999166667, 0.0740396666667, 0.0, 1.0, 0.666666666667, 0
0.0495354166667, 0.0726029166667, 0.0, 1.0, 0.666666666667, 0
0.0297029166667, 0.0602575, 0.0, 1.0, 0.666666666667, 0
0.042627592, 0.069114934, 0.0, 1.0, 0.666666666667, 0
0.04934025, 0.0713221666667, 0.0, 1.0, 0.666666666667, 0
0.0295630833333, 0.0560584166667, 0.0, 1.0, 0.666666666667, 0
0.0564815, 0.0786150833333, 0.0, 1.0, 0.666666666667, 0
0.0370878333333, 0.0622931666667, 0.0, 1.0, 0.666666666667, 0
0.0264031666667, 0.0537969166667, 0.0, 1.0, 0.666666666667, 0
0.03615075, 0.05931325, 0.0, 1.0, 0.666666666667, 0
0.0350056753333, 0.0626614386667, 0.0, 1.0, 0.666666666667, 0
0.0386936446667, 0.0646022326667, 0.0, 1.0, 0.666666666667, 0
0.0808935086667, 0.111479719333, 0.0, 1.0, 0.666666666667, 0
0.0402188073333, 0.0679810526667, 0.0, 1.0, 0.666666666667, 0
0.0409600746667, 0.0667519693333, 0.0, 1.0, 0.666666666667, 0
0.05260025, 0.0878191666667, 0.0, 1.0, 0.666666666667, 0
0.070834652, 0.397185946, 0.0, 1.0, 0.666666666667, 0
0.070834652, 0.397185946, 0.0, 1.0, 0.666666666667, 0
0.070834652, 0.397185946, 0.0, 1.0, 0.666666666667, 0
0.070834652, 0.397185946, 0.0, 1.0, 0.666666666667, 0
0.070834652, 0.397185946, 0.0, 1.0, 0.666666666667, 0
0.070834652, 0.397185946, 0.0, 1.0, 0.666666666667, 0
0.070834652, 0.397185946, 0.0, 1.0, 0.666666666667, 0
0.070834652, 0.397185946, 0.0, 1.0, 0.666666666667, 0
0.070834652, 0.397185946, 0.0, 1.0, 0.666666666667, 0
0.070834652, 0.397185946, 0.0, 1.0, 0.666666666667, 0
0.070834652, 0.397185946, 0.0, 1.0, 0.666666666667, 0
0.070834652, 0.397185946, 0.0, 1.0, 0.666666666667, 0
0.070834652, 0.397185946, 0.0, 1.0, 0.666666666667, 0
0.070834652, 0.397185946, 0.0, 1.0, 0.666666666667, 0
0.070834652, 0.397185946, 0.0, 1.0, 0.666666666667, 0
0.070834652, 0.397185946, 0.0, 1.0, 0.666666666667, 0
0.070834652, 0.397185946, 0.0, 1.0, 0.666666666667, 0
0.070834652, 0.397185946, 0.0, 1.0, 0.666666666667, 0
0.070834652, 0.397185946, 0.0, 1.0, 0.666666666667, 0
0.070834652, 0.397185946, 0.0, 1.0, 0.666666666667, 0
0.070834652, 0.397185946, 0.0, 1.0, 0.666666666667, 0
0.070834652, 0.397185946, 0.0, 1.0, 0.666666666667, 0
0.070834652, 0.397185946, 0.0, 1.0, 0.666666666667, 0
0.070834652, 0.397185946, 0.0, 1.0, 0.666666666667, 0
0.070834652, 0.397185946, 0.0, 1.0, 0.666666666667, 0
0.070834652, 0.397185946, 0.0, 1.0, 0.666666666667, 0
0.0239881666667, 0.052587, 0.0, 1.0, 0.666666666667, 0
0.0337917853333, 0.0572784473333, 0.0, 1.0, 0.666666666667, 0
0.0267981666667, 0.0536291666667, 0.0, 1.0, 0.666666666667, 0
0.0342495, 0.0604255833333, 0.0, 1.0, 0.666666666667, 0
0.0317733333333, 0.0568570833333, 0.0, 1.0, 0.666666666667, 0
0.0317733333333, 0.0568570833333, 0.0, 1.0, 0.666666666667, 0
0.0317733333333, 0.0568570833333, 0.0, 0.928571428571, 0.666666666667, 0
0.0317733333333, 0.0568570833333, 0.0, 0.928571428571, 0.666666666667, 0
0.0317733333333, 0.0568570833333, 0.0, 0.928571428571, 0.666666666667, 0
0.0317733333333, 0.0568570833333, 0.0, 0.928571428571, 0.666666666667, 0
0.0317733333333, 0.0568570833333, 0.0, 0.928571428571, 0.666666666667, 0
0.0317733333333, 0.0568570833333, 0.0, 0.928571428571, 0.666666666667, 0
0.0317733333333, 0.0568570833333, 0.0, 0.928571428571, 0.666666666667, 0
0.0317733333333, 0.0568570833333, 0.0, 0.928571428571, 0.666666666667, 0
0.0317733333333, 0.0568570833333, 0.0, 0.928571428571, 0.666666666667, 0
0.0585510833333, 0.148633083333, 0.0, 1.0, 0.666666666667, 0
0.127043583333, 0.627871958667, 0.0, 1.0, 0.666666666667, 0
0.0306470833333, 0.0584653333333, 0.0, 1.0, 0.666666666667, 0
0.0247853333333, 0.0501953333333, 0.0, 1.0, 0.666666666667, 0
0.0344926973333, 0.0619515746667, 0.0, 1.0, 0.666666666667, 0
0.0344926973333, 0.0619515746667, 0.0, 1.0, 0.666666666667, 0
0.0344926973333, 0.0619515746667, 0.0, 1.0, 0.666666666667, 0
0.0344926973333, 0.0619515746667, 0.0, 1.0, 0.666666666667, 0
0.0344926973333, 0.0619515746667, 0.0, 1.0, 0.666666666667, 0
0.06083175, 0.199818166667, 0.0, 1.0, 0.666666666667, 0
0.0290673026667, 0.055499092, 0.0, 1.0, 0.666666666667, 0
0.0277040833333, 0.0564286666667, 0.0, 1.0, 0.666666666667, 0
0.0265135353333, 0.0529794826667, 0.0, 1.0, 0.666666666667, 0
0.042543, 0.0736448333333, 0.0, 1.0, 0.666666666667, 0
0.03447475, 0.06101625, 0.0, 1.0, 0.666666666667, 0
0.0213606493333, 0.04895018, 0.0, 1.0, 0.666666666667, 0
0.0280589166667, 0.0533045, 0.0, 1.0, 0.666666666667, 0
0.035672022, 0.059787614, 0.0, 1.0, 0.666666666667, 0
0.02486575, 0.052555, 0.0, 1.0, 0.666666666667, 0
0.0409432326667, 0.0669925526667, 0.0, 1.0, 0.666666666667, 0
0.15011004, 0.851756676667, 0.0, 1.0, 0.666666666667, 0
0.0235601666667, 0.0491935, 0.0, 1.0, 0.666666666667, 0
0.027949136, 0.0550770353333, 0.0, 1.0, 0.666666666667, 0
0.0309187673333, 0.0571840173333, 0.0, 1.0, 0.666666666667, 0
0.0391284166667, 0.0633160833333, 0.0, 1.0, 0.666666666667, 0
0.0332723333333, 0.058242, 0.0, 1.0, 0.666666666667, 0
0.0281338333333, 0.0541808333333, 0.0, 1.0, 0.666666666667, 0
0.0426393333333, 0.0648949166667, 0.0, 1.0, 0.666666666667, 0
0.0240025833333, 0.051378, 0.0, 1.0, 0.666666666667, 0
0.0237764253333, 0.052908202, 0.0, 1.0, 0.666666666667, 0
0.041464, 0.0636198333333, 0.0, 1.0, 0.666666666667, 0
0.0417380833333, 0.0686081666667, 0.0, 1.0, 0.666666666667, 0
0.03952325, 0.06642325, 0.0, 1.0, 0.666666666667, 0
0.0477703333333, 0.0727643333333, 0.0, 1.0, 0.666666666667, 0
0.0300216666667, 0.0533835, 0.0, 1.0, 0.666666666667, 0
0.0425991666667, 0.0689146666667, 0.0, 1.0, 0.666666666667, 0
0.0457236666667, 0.0662354166667, 0.0, 1.0, 0.666666666667, 0
0.0269546666667, 0.05344225, 0.0, 1.0, 0.666666666667, 0
0.03101725, 0.05516925, 0.0, 1.0, 0.666666666667, 0
0.140216884667, 0.852478686, 0.0, 1.0, 0.666666666667, 0
0.0304413333333, 0.0577954166667, 0.0, 1.0, 0.666666666667, 0
0.019685636, 0.0477519166667, 0.0, 1.0, 0.666666666667, 0
0.0415614166667, 0.0647103333333, 0.0, 1.0, 0.666666666667, 0
0.0251991533333, 0.0544196053333, 0.0, 1.0, 0.666666666667, 0
0.0320245, 0.0569625833333, 0.0, 1.0, 0.666666666667, 0
0.0288547413333, 0.0564626053333, 0.0, 1.0, 0.666666666667, 0
0.026957, 0.0517811666667, 0.0, 1.0, 0.666666666667, 0
0.025718342, 0.0524022453333, 0.0, 1.0, 0.666666666667, 0
0.02344325, 0.0552671313333, 0.0, 1.0, 0.666666666667, 0
0.02678075, 0.0569615833333, 0.0, 1.0, 0.666666666667, 0
0.0356774166667, 0.059456, 0.0, 1.0, 0.666666666667, 0
0.0356774166667, 0.059456, 0.0, 1.0, 0.666666666667, 0
0.036839114, 0.0651829693333, 0.0, 1.0, 0.666666666667, 0
0.0306403333333, 0.0588998333333, 0.0, 1.0, 0.666666666667, 0
0.0257868993333, 0.0576693773333, 0.0, 0.6, 0.666666666667, 0
0.0358541666667, 0.0622664166667, 0.0, 0.6, 0.666666666667, 0
0.0200775086667, 0.0490506093333, 0.0, 1.0, 0.666666666667, 0
0.0313103333333, 0.061204, 0.0, 1.0, 0.666666666667, 0
