0.194381040667, 0.256916986667, 0.0, 0.928571428571, 0.666666666667, 0.0, 5
0.194381040667, 0.256916986667, 0.0, 0.928571428571, 0.666666666667, 0.0, 5
0.194381040667, 0.256916986667, 0.0, 0.928571428571, 0.666666666667, 0.0, 5
0.136830072667, 0.164603756667, 0.0, 1.0, 0.666666666667, 0.0, 5
0.122094552667, 0.153413745333, 0.0, 0.928571428571, 0.666666666667, 0.0, 5
0.122094552667, 0.153413745333, 0.0, 0.928571428571, 0.666666666667, 0.0, 5
0.117889478, 0.147285434, 0.0, 1.0, 0.666666666667, 0.0, 5
0.175314675333, 0.204989438667, 0.0, 1.0, 0.666666666667, 0.0, 5
0.175314675333, 0.204989438667, 0.0, 1.0, 0.666666666667, 0.0, 5
0.184058844, 0.229506132, 0.0, 1.0, 0.666666666667, 0.0, 5
0.184058844, 0.229506132, 0.0, 1.0, 0.666666666667, 0.0, 5
0.15605957, 0.190605982667, 0.0, 1.0, 0.666666666667, 0.0, 5
0.15605957, 0.190605982667, 0.0, 1.0, 0.666666666667, 0.0, 5
0.251143579333, 0.862790738, 0.0, 1.0, 0.666666666667, 0.0, 5
0.251143579333, 0.862790738, 0.0, 1.0, 0.666666666667, 0.0, 5
0.145676816, 0.170426381333, 0.0, 1.0, 0.666666666667, 0.0, 5
0.145676816, 0.170426381333, 0.0, 1.0, 0.666666666667, 0.0, 5
0.145676816, 0.170426381333, 0.0, 1.0, 0.666666666667, 0.0, 5
0.152209146, 0.191377604, 0.0, 1.0, 0.666666666667, 0.0, 5
0.152209146, 0.191377604, 0.0, 1.0, 0.666666666667, 0.0, 5
0.31245833, 1.85195838333, 0.0, 1.0, 0.666666666667, 0.0, 2
0.31245833, 1.85195838333, 0.0, 1.0, 0.666666666667, 0.0, 2
0.154136606, 0.199887892667, 0.0, 1.0, 0.666666666667, 0.0, 5
0.160476662667, 0.192992718, 0.0, 1.0, 0.666666666667, 0.0, 5
0.160476662667, 0.192992718, 0.0, 0.928571428571, 0.666666666667, 0.0, 5
0.117778588, 0.139996, 0.0, 0.928571428571, 0.666666666667, 0.0, 5
0.117778588, 0.139996, 0.0, 1.0, 0.666666666667, 0.0, 5
0.147189166667, 0.178523644667, 0.0, 1.0, 0.666666666667, 0.0, 5
0.122091188667, 0.153694566, 0.0, 1.0, 0.666666666667, 0.0, 5
0.122091188667, 0.153694566, 0.0, 1.0, 0.666666666667, 0.0, 5
0.0881414606667, 0.118411548, 0.0, 1.0, 0.666666666667, 0.0, 5
0.0881414606667, 0.118411548, 0.0, 1.0, 0.666666666667, 0.0, 5
0.0729948553333, 0.096103842, 0.0, 1.0, 0.666666666667, 0.0, 5
0.225537034667, 0.857109714, 0.0, 0.728571428571, 0.666666666667, 0.0, 5
0.225537034667, 0.857109714, 0.0, 0.728571428571, 0.666666666667, 0.0, 5
0.225537034667, 0.857109714, 0.0, 1.0, 0.666666666667, 0.0, 5
0.143070710667, 0.156443583333, 0.0, 1.0, 0.666666666667, 0.0, 5
0.125771052667, 0.157342039333, 0.0, 1.0, 0.666666666667, 0.0, 5
0.125771052667, 0.157342039333, 0.0, 1.0, 0.666666666667, 0.0, 5
0.285849040667, 1.60547623733, 0.0, 1.0, 0.666666666667, 0.0, 5
0.285849040667, 1.60547623733, 0.0, 0.828571428571, 0.666666666667, 0.0, 4
0.159848627333, 0.201999224, 0.0, 1.0, 0.666666666667, 0.0, 5
0.159717609333, 0.207977513333, 0.0, 1.0, 0.666666666667, 0.0, 5
0.159717609333, 0.207977513333, 0.0, 1.0, 0.666666666667, 0.0, 5
0.182229741333, 0.220191452, 0.0, 1.0, 0.666666666667, 0.0, 5
0.31399605, 2.01210077867, 0.01, 0.928571428571, 0.666666666667, 0.0, 2
0.31399605, 2.01210077867, 0.01, 1.0, 0.666666666667, 0.0, 2
0.0932804473333, 0.118955675333, 0.0, 1.0, 0.666666666667, 0.0, 5
0.185693342667, 0.991201628667, 0.01, 1.0, 0.666666666667, 0.0, 5
0.655082070667, 3.620561102, 0.01, 1.0, 0.666666666667, 0.0, 1
0.655082070667, 3.620561102, 0.01, 1.0, 0.666666666667, 0.0, 1
0.0980411006667, 0.11723632, 0.0, 1.0, 0.666666666667, 0.0, 5
0.0980411006667, 0.11723632, 0.0, 1.0, 0.666666666667, 0.0, 5
0.169416066, 0.215973600667, 0.0, 1.0, 0.666666666667, 0.0, 5
0.169416066, 0.215973600667, 0.0, 1.0, 0.666666666667, 0.0, 5
0.401885367333, 2.32754934533, 0.0, 1.0, 0.666666666667, 0.0, 2
0.0682549373333, 0.0950295826667, 0.0, 1.0, 0.666666666667, 0.0, 5
0.109633736667, 0.135632368667, 0.0, 1.0, 0.666666666667, 0.0, 5
0.120454833333, 0.164542916667, 0.0, 1.0, 0.666666666667, 0.0, 5
0.120454833333, 0.164542916667, 0.0, 1.0, 0.666666666667, 0.0, 5
0.176177929333, 0.972341764, 0.0, 1.0, 0.666666666667, 0.0, 5
0.176177929333, 0.972341764, 0.0, 1.0, 0.666666666667, 0.0, 5
0.160543816, 0.197650372667, 0.0, 1.0, 0.666666666667, 0.0, 5
0.160543816, 0.197650372667, 0.0, 1.0, 0.666666666667, 0.0, 5
0.140439241333, 0.171737105333, 0.0, 1.0, 0.666666666667, 0.0, 5
0.06053225, 0.0806900833333, 0.0, 1.0, 0.666666666667, 0.0, 5
0.06053225, 0.0806900833333, 0.0, 1.0, 0.666666666667, 0.0, 5
0.150947083333, 0.189997916667, 0.0, 1.0, 0.666666666667, 0.0, 5
0.150947083333, 0.189997916667, 0.0, 1.0, 0.666666666667, 0.0, 5
0.270934326, 1.38506086733, 0.01, 1.0, 0.666666666667, 0.0, 5
0.270934326, 1.38506086733, 0.01, 0.514285714286, 0.666666666667, 0.0, 2
0.124256517333, 0.152370995333, 0.0, 1.0, 0.666666666667, 0.0, 5
0.132323631333, 0.162768438667, 0.0, 1.0, 0.666666666667, 0.0, 5
0.132323631333, 0.162768438667, 0.0, 1.0, 0.666666666667, 0.0, 5
0.168169, 0.811687083333, 0.0, 1.0, 0.666666666667, 0.0, 5
0.139928960667, 0.164767202, 0.0, 1.0, 0.666666666667, 0.0, 5
0.139928960667, 0.164767202, 0.0, 1.0, 0.666666666667, 0.0, 5
0.139928960667, 0.164767202, 0.0, 1.0, 0.666666666667, 0.0, 5
0.143932288667, 1.15595710867, 0.0, 1.0, 0.666666666667, 0.0, 5
0.05849575, 0.0703244166667, 0.0, 1.0, 0.666666666667, 0.0, 5
0.283122459333, 1.61917297933, 0.0, 1.0, 0.666666666667, 0.0, 5
0.050060338, 0.068540136, 0.0, 1.0, 0.666666666667, 0.0, 5
0.0593475833333, 0.07434, 0.0, 1.0, 0.666666666667, 0.0, 5
0.248759833333, 1.400352278, 0.0, 1.0, 0.666666666667, 0.0, 5
0.0453939166667, 0.0642225, 0.0, 1.0, 0.666666666667, 0.0, 5
0.0472738366667, 0.0674698373333, 0.0, 1.0, 0.666666666667, 0.0, 5
0.229673916667, 1.39680841667, 0.0, 1.0, 0.666666666667, 0.0, 5
0.046860658, 0.065966952, 0.0, 1.0, 0.666666666667, 0.0, 5
0.0511185833333, 0.0692279166667, 0.0, 1.0, 0.666666666667, 0.0, 5
0.058021272, 0.0773562633333, 0.0, 1.0, 0.666666666667, 0.0, 5
0.0450391666667, 0.0614239166667, 0.0, 1.0, 0.666666666667, 0.0, 5
0.243925688, 1.30206625267, 0.0, 1.0, 0.666666666667, 0.0, 5
0.0429230833333, 0.0665026666667, 0.0, 1.0, 0.666666666667, 0.0, 5
0.0635577413333, 0.0780916093333, 0.0, 1.0, 0.666666666667, 0.0, 5
0.182992593333, 1.11481836267, 0.0, 1.0, 0.666666666667, 0.0, 5
0.0551901666667, 0.07148275, 0.0, 0.914285714286, 0.666666666667, 0.0, 5
0.0535365046667, 0.07190443, 0.0, 0.914285714286, 0.666666666667, 0.0, 5
0.0771786546667, 0.379242307333, 0.0, 1.0, 0.666666666667, 0.0, 5
0.0683424166667, 0.0791685833333, 0.0, 1.0, 0.666666666667, 0.0, 5
0.0360033333333, 0.05358525, 0.0, 1.0, 0.666666666667, 0.0, 5
0.0414356666667, 0.060778, 0.0, 1.0, 0.666666666667, 0.0, 5
0.0445493333333, 0.0653945, 0.0, 1.0, 0.666666666667, 0.0, 5
0.038787456, 0.061797088, 0.0, 1.0, 0.666666666667, 0.0, 5
0.0313199826667, 0.0550120353333, 0.0, 1.0, 0.666666666667, 0.0, 5
0.0394168333333, 0.0594406666667, 0.0, 1.0, 0.666666666667, 0.0, 5
0.0394168333333, 0.0594406666667, 0.0, 1.0, 0.666666666667, 0.0, 5
0.0394168333333, 0.0594406666667, 0.0, 1.0, 0.666666666667, 0.0, 5
0.0394168333333, 0.0594406666667, 0.0, 1.0, 0.666666666667, 0.0, 5
0.0394168333333, 0.0594406666667, 0.0, 1.0, 0.666666666667, 0.0, 5
0.0394168333333, 0.0594406666667, 0.0, 0.857142857143, 0.666666666667, 0.0, 5
0.040882956, 0.0599004913333, 0.0, 0.857142857143, 0.666666666667, 0.0, 5
0.052105, 0.069516548, 0.0, 1.0, 0.666666666667, 0.0, 5
0.117859975333, 0.916209451333, 0.0, 1.0, 0.666666666667, 0.0, 5
0.0569251053333, 0.0749021926667, 0.0, 1.0, 0.666666666667, 0.0, 5
0.0458199166667, 0.0636438333333, 0.0, 1.0, 0.666666666667, 0.0, 5
0.0458199166667, 0.0636438333333, 0.0, 1.0, 0.666666666667, 0.0, 5
0.0322900573333, 0.0540071713333, 0.0, 1.0, 0.666666666667, 0.0, 5
0.04753175, 0.0637421666667, 0.0, 1.0, 0.666666666667, 0.0, 5
0.229911636, 1.44067675, 0.0, 1.0, 0.666666666667, 0.0, 5
0.04020375, 0.06103325, 0.0, 1.0, 0.666666666667, 0.0, 5
0.117650625333, 0.614586792, 0.0, 1.0, 0.666666666667, 0.0, 5
0.117650625333, 0.614586792, 0.0, 1.0, 0.666666666667, 0.0, 5
0.04599982, 0.0655915246667, 0.0, 1.0, 0.666666666667, 0.0, 5
0.051503794, 0.070196794, 0.0, 1.0, 0.666666666667, 0.0, 5
0.116996134667, 0.805472917333, 0.01, 1.0, 0.666666666667, 0.0, 5
0.0408873333333, 0.0605203333333, 0.0, 1.0, 0.666666666667, 0.0, 5
0.041685912, 0.0586027366667, 0.0, 1.0, 0.666666666667, 0.0, 5
0.108087128, 0.776740163333, 0.01, 1.0, 0.666666666667, 0.0, 5
0.0528691666667, 0.0698026666667, 0.0, 1.0, 0.666666666667, 0.0, 5
0.0469156533333, 0.068842526, 0.0, 1.0, 0.666666666667, 0.0, 5
0.162235378667, 0.766654992667, 0.0, 1.0, 0.666666666667, 0.0, 5
0.0358329166667, 0.056213, 0.0, 1.0, 0.666666666667, 0.0, 5
0.0464061406667, 0.0660506446667, 0.0, 1.0, 0.666666666667, 0.0, 5
0.04064175, 0.058900136, 0.0, 1.0, 0.666666666667, 0.0, 5
0.0415091666667, 0.0604600833333, 0.0, 1.0, 0.666666666667, 0.0, 5
0.0415091666667, 0.0604600833333, 0.0, 1.0, 0.666666666667, 0.0, 5
0.06237425, 0.0831874166667, 0.0, 1.0, 0.666666666667, 0.0, 5
0.047622776, 0.064942728, 0.0, 1.0, 0.666666666667, 0.0, 5
0.120498083333, 0.528224666667, 0.0, 1.0, 0.666666666667, 0.0, 5
0.0428821886667, 0.0602995746667, 0.0, 1.0, 0.666666666667, 0.0, 5
0.0518106713333, 0.0683045613333, 0.0, 1.0, 0.666666666667, 0.0, 5
0.154516940667, 0.794404309333, 0.0, 1.0, 0.666666666667, 0.0, 5
0.03722225, 0.05745575, 0.0, 1.0, 0.666666666667, 0.0, 5
0.0369967193333, 0.0548390353333, 0.0, 1.0, 0.666666666667, 0.0, 5
0.103851198667, 0.722009718, 0.0, 1.0, 0.666666666667, 0.0, 5
0.042076, 0.066461, 0.0, 1.0, 0.666666666667, 0.0, 5
0.0332100833333, 0.0530929166667, 0.0, 1.0, 0.666666666667, 0.0, 5
0.560434666667, 5.54197475, 0.0, 1.0, 0.666666666667, 0.0, 1
0.05667625, 0.0714765, 0.0, 1.0, 0.666666666667, 0.0, 5
0.16117652, 0.845007282, 0.0, 1.0, 0.666666666667, 0.0, 5
0.0517215, 0.10794225, 0.0, 1.0, 0.666666666667, 0.0, 5
0.0439595133333, 0.0641366886667, 0.0, 1.0, 0.666666666667, 0.0, 5
0.0537078333333, 0.072747, 0.0, 1.0, 0.666666666667, 0.0, 5
0.0401571666667, 0.0615326666667, 0.0, 1.0, 0.666666666667, 0.0, 5
0.03654975, 0.05660925, 0.0, 1.0, 0.666666666667, 0.0, 5
0.04293225, 0.0583865, 0.0, 1.0, 0.666666666667, 0.0, 5
0.0932974066667, 0.654254388, 0.0, 1.0, 0.666666666667, 0.0, 5
0.0408724953333, 0.0608100573333, 0.0, 1.0, 0.666666666667, 0.0, 5
0.0302328686667, 0.0499171186667, 0.0, 1.0, 0.666666666667, 0.0, 5
0.146505954667, 1.05139325733, 0.0, 1.0, 0.666666666667, 0.0, 5
0.0374229166667, 0.058940276, 0.0, 1.0, 0.666666666667, 0.0, 5
0.0412696666667, 0.0647161666667, 0.0, 1.0, 0.666666666667, 0.0, 5
0.0443218333333, 0.0682801666667, 0.0, 1.0, 0.666666666667, 0.0, 5
0.0412831666667, 0.0617886666667, 0.0, 1.0, 0.666666666667, 0.0, 5
0.0412831666667, 0.0617886666667, 0.0, 1.0, 0.666666666667, 0.0, 5
0.038334952, 0.0625000613333, 0.0, 1.0, 0.666666666667, 0.0, 5
0.0428986006667, 0.0625547106667, 0.0, 1.0, 0.666666666667, 0.0, 5
0.0386391666667, 0.06175925, 0.0, 1.0, 0.666666666667, 0.0, 5
0.0439828333333, 0.0615073333333, 0.0, 1.0, 0.666666666667, 0.0, 5
0.0449495833333, 0.0665559166667, 0.0, 1.0, 0.666666666667, 0.0, 5
0.04678675, 0.06770675, 0.0, 1.0, 0.666666666667, 0.0, 5
0.139140718667, 0.848377064, 0.0, 1.0, 0.666666666667, 0.0, 5
0.04901074, 0.064877152, 0.0, 1.0, 0.666666666667, 0.0, 5
0.0635245833333, 0.418456583333, 0.0, 1.0, 0.666666666667, 0.0, 5
0.04925975, 0.0682043333333, 0.0, 1.0, 0.666666666667, 0.0, 5
0.0433952106667, 0.063255526, 0.0, 1.0, 0.666666666667, 0.0, 5
0.0437905833333, 0.0627295, 0.0, 1.0, 0.666666666667, 0.0, 5
0.0377233053333, 0.055873926, 0.0, 1.0, 0.666666666667, 0.0, 5
0.0374858333333, 0.0586848333333, 0.0, 1.0, 0.666666666667, 0.0, 5
0.0374858333333, 0.0586848333333, 0.0, 1.0, 0.666666666667, 0.0, 5
0.0426756666667, 0.0632193333333, 0.0, 1.0, 0.666666666667, 0.0, 5
0.0497965173333, 0.0708192586667, 0.0, 1.0, 0.666666666667, 0.0, 5
0.105110947333, 0.542969454, 0.0, 1.0, 0.666666666667, 0.0, 5
0.11773925, 0.6224835, 0.0, 1.0, 0.666666666667, 0.0, 5
0.0361662193333, 0.0570623813333, 0.0, 1.0, 0.666666666667, 0.0, 5
0.037490066, 0.0571168813333, 0.0, 1.0, 0.666666666667, 0.0, 5
0.0393382486667, 0.0579756493333, 0.0, 1.0, 0.666666666667, 0.0, 5
0.0426807193333, 0.061756974, 0.0, 1.0, 0.666666666667, 0.0, 5
0.1419565, 0.788141416667, 0.0, 1.0, 0.666666666667, 0.0, 5
0.0360538593333, 0.0572121666667, 0.0, 1.0, 0.666666666667, 0.0, 5
0.03573625, 0.0596255, 0.0, 1.0, 0.666666666667, 0.0, 5
0.03573625, 0.0596255, 0.0, 1.0, 0.666666666667, 0.0, 5
0.0431478333333, 0.06297, 0.0, 1.0, 0.666666666667, 0.0, 5
0.0431478333333, 0.06297, 0.0, 1.0, 0.666666666667, 0.0, 5
0.0431478333333, 0.06297, 0.0, 1.0, 0.666666666667, 0.0, 5
0.037638798, 0.058413044, 0.0, 1.0, 0.666666666667, 0.0, 5
0.0349881093333, 0.0585410833333, 0.0, 1.0, 0.666666666667, 0.0, 5
0.190466178667, 1.221396222, 0.0, 1.0, 0.666666666667, 0.0, 5
0.0553821533333, 0.0675009033333, 0.0, 1.0, 0.666666666667, 0.0, 5
0.0496508333333, 0.0650818333333, 0.0, 1.0, 0.666666666667, 0.0, 5
0.0570403333333, 0.072778, 0.0, 1.0, 0.666666666667, 0.0, 5
0.06556975, 0.07833125, 0.0, 1.0, 0.666666666667, 0.0, 5
0.0450102893333, 0.0659018113333, 0.0, 0.9, 0.666666666667, 0.0, 5
0.05596743, 0.0717612326667, 0.0, 0.9, 0.666666666667, 0.0, 5
0.0489959166667, 0.06628075, 0.0, 0.914285714286, 0.666666666667, 0.0, 5
0.215951046667, 1.48199430533, 0.0, 1.0, 0.666666666667, 0.0, 5
0.0494596666667, 0.0713983333333, 0.0, 1.0, 0.666666666667, 0.0, 5
0.0424123333333, 0.0644464166667, 0.0, 1.0, 0.666666666667, 0.0, 5
0.164884274, 0.968444936667, 0.01, 1.0, 0.666666666667, 0.0, 5
0.0477440306667, 0.068275158, 0.0, 1.0, 0.666666666667, 0.0, 5
0.0456682806667, 0.0656052193333, 0.0, 0.928571428571, 0.666666666667, 0.0, 5
0.158664972, 1.18323886133, 0.01, 1.0, 0.666666666667, 0.0, 5
0.0423781666667, 0.06649725, 0.0, 1.0, 0.666666666667, 0.0, 5
0.0479366666667, 0.0666676666667, 0.0, 1.0, 0.666666666667, 0.0, 5
0.252669840667, 1.503500018, 0.0, 1.0, 0.666666666667, 0.0, 5
0.0499762806667, 0.067245912, 0.0, 1.0, 0.666666666667, 0.0, 5
0.0635461406667, 0.081555684, 0.0, 0.928571428571, 0.666666666667, 0.0, 5
0.165418417333, 1.02019164667, 0.01, 1.0, 0.666666666667, 0.0, 5
0.0469475, 0.0669164166667, 0.0, 1.0, 0.666666666667, 0.0, 5
0.0692429166667, 0.0854191666667, 0.0, 0.9, 0.666666666667, 0.0, 5
0.206561308667, 1.117101892, 0.0, 0.914285714286, 0.666666666667, 0.0, 5
0.0591786753333, 0.0766608686667, 0.0, 0.914285714286, 0.666666666667, 0.0, 5
0.0496178333333, 0.0661328333333, 0.0, 1.0, 0.666666666667, 0.0, 5
0.255334931333, 1.48003357333, 0.0, 1.0, 0.666666666667, 0.0, 5
0.253895638667, 1.22378186133, 0.0, 1.0, 0.666666666667, 0.0, 5
0.062932184, 0.0765250133333, 0.0, 1.0, 0.666666666667, 0.0, 5
0.197110817333, 1.30652814133, 0.01, 1.0, 0.666666666667, 0.0, 5
0.0453769166667, 0.0650058333333, 0.0, 1.0, 0.666666666667, 0.0, 5
0.0472766666667, 0.0659380833333, 0.0, 1.0, 0.666666666667, 0.0, 5
0.239168583333, 1.72234575, 0.0, 1.0, 0.666666666667, 0.0, 5
0.0516393333333, 0.0706566666667, 0.0, 1.0, 0.666666666667, 0.0, 5
0.052836026, 0.0706265173333, 0.0, 1.0, 0.666666666667, 0.0, 5
0.0478270173333, 0.0669678553333, 0.0, 1.0, 0.666666666667, 0.0, 5
0.062831412, 0.0765166273333, 0.0, 1.0, 0.666666666667, 0.0, 5
0.192804528667, 1.26603550667, 0.01, 1.0, 0.666666666667, 0.0, 5
0.05139125, 0.0727329166667, 0.0, 1.0, 0.666666666667, 0.0, 5
0.041120478, 0.0608683506667, 0.0, 1.0, 0.666666666667, 0.0, 5
0.0885825, 0.404938958667, 0.0, 1.0, 0.666666666667, 0.0, 5
0.0511943333333, 0.0688945833333, 0.0, 1.0, 0.666666666667, 0.0, 5
0.149524376667, 1.14696113533, 0.0, 1.0, 0.666666666667, 0.0, 5
0.043310316, 0.0628619033333, 0.0, 0.942857142857, 0.666666666667, 0.0, 5
0.0555028773333, 0.0713016926667, 0.0, 0.942857142857, 0.666666666667, 0.0, 5
0.168604880667, 1.369109714, 0.0, 0.914285714286, 0.666666666667, 0.0, 5
0.0535385173333, 0.0700946973333, 0.0, 0.914285714286, 0.666666666667, 0.0, 5
0.0509961666667, 0.06859725, 0.0, 0.914285714286, 0.666666666667, 0.0, 5
0.210263268667, 1.34500621267, 0.0, 1.0, 0.666666666667, 0.0, 5
0.052325, 0.0719278333333, 0.0, 0.985714285714, 0.666666666667, 0.0, 5
0.0562815, 0.0762758333333, 0.0, 0.985714285714, 0.666666666667, 0.0, 5
0.141393440667, 1.07684990267, 0.01, 0.928571428571, 0.666666666667, 0.0, 5
0.0523891666667, 0.0691960833333, 0.0, 0.928571428571, 0.666666666667, 0.0, 5
0.0443980833333, 0.063985, 0.0, 0.928571428571, 0.666666666667, 0.0, 5
0.049065594, 0.0678429433333, 0.0, 0.914285714286, 0.666666666667, 0.0, 5
0.0600365833333, 0.0732150353333, 0.0, 0.914285714286, 0.666666666667, 0.0, 5
0.0473566446667, 0.066969724, 0.0, 0.914285714286, 0.666666666667, 0.0, 5
0.055747526, 0.0728103506667, 0.0, 1.0, 0.666666666667, 0.0, 5
0.0580866713333, 0.075278592, 0.0, 1.0, 0.666666666667, 0.0, 5
0.0606176666667, 0.0756098333333, 0.0, 1.0, 0.666666666667, 0.0, 5
0.0522337586667, 0.0708363246667, 0.0, 0.9, 0.666666666667, 0.0, 5
0.04847825, 0.06777625, 0.0, 1.0, 0.666666666667, 0.0, 5
0.0543526573333, 0.0715795926667, 0.0, 1.0, 0.666666666667, 0.0, 5
0.0558820833333, 0.07490075, 0.0, 1.0, 0.666666666667, 0.0, 5
0.108216312, 0.679513564667, 0.0, 0.9, 0.666666666667, 0.0, 5
0.108216312, 0.679513564667, 0.0, 0.9, 0.666666666667, 0.0, 5
0.06104225, 0.0796820173333, 0.0, 0.914285714286, 0.666666666667, 0.0, 5
0.056584, 0.0726780833333, 0.0, 1.0, 0.666666666667, 0.0, 5
0.05908925, 0.0764475833333, 0.0, 1.0, 0.666666666667, 0.0, 5
0.05908925, 0.0764475833333, 0.0, 1.0, 0.666666666667, 0.0, 5
0.0584123906667, 0.0828603553333, 0.0, 1.0, 0.666666666667, 0.0, 5
0.053589044, 0.0715948333333, 0.0, 1.0, 0.666666666667, 0.0, 5
0.0703018333333, 0.0887285, 0.0, 1.0, 0.666666666667, 0.0, 5
0.0703018333333, 0.0887285, 0.0, 1.0, 0.666666666667, 0.0, 5
0.0501519426667, 0.0676529826667, 0.0, 1.0, 0.666666666667, 0.0, 5
0.0501519426667, 0.0676529826667, 0.0, 0.914285714286, 0.666666666667, 0.0, 5
0.0526035833333, 0.0707135833333, 0.0, 1.0, 0.666666666667, 0.0, 5
0.0604309166667, 0.0749168333333, 0.0, 1.0, 0.666666666667, 0.0, 5
0.06019725, 0.0794945833333, 0.0, 1.0, 0.666666666667, 0.0, 5
0.0551142413333, 0.119799324667, 0.0, 1.0, 0.666666666667, 0.0, 5
0.0488006666667, 0.06690675, 0.0, 1.0, 0.666666666667, 0.0, 5
0.0499841753333, 0.0670800746667, 0.0, 1.0, 0.666666666667, 0.0, 5
0.186218444667, 1.15365982667, 0.01, 0.914285714286, 0.666666666667, 0.0, 5
0.186218444667, 1.15365982667, 0.01, 0.914285714286, 0.666666666667, 0.0, 5
0.0623034166667, 0.077824, 0.0, 0.9, 0.666666666667, 0.0, 5
0.228972280667, 1.498948194, 0.01, 1.0, 0.666666666667, 0.0, 5
0.048982294, 0.0674085393333, 0.0, 1.0, 0.666666666667, 0.0, 5
0.164181326667, 1.30260834333, 0.0, 1.0, 0.666666666667, 0.0, 5
0.0565963333333, 0.0731139166667, 0.0, 1.0, 0.666666666667, 0.0, 5
0.0466774473333, 0.065554842, 0.0, 1.0, 0.666666666667, 0.0, 5
0.298421991333, 1.99007735933, 0.0, 0.914285714286, 0.666666666667, 0.0, 2
0.0454399166667, 0.0641090833333, 0.0, 1.0, 0.666666666667, 0.0, 5
0.0511239166667, 0.0676745, 0.0, 1.0, 0.666666666667, 0.0, 5
0.0540038333333, 0.06741675, 0.0, 1.0, 0.666666666667, 0.0, 5
0.0540038333333, 0.06741675, 0.0, 1.0, 0.666666666667, 0.0, 5
0.269240036, 1.40521410733, 0.0, 1.0, 0.666666666667, 0.0, 5
0.0509689166667, 0.0677583333333, 0.0, 1.0, 0.666666666667, 0.0, 5
0.094005662, 0.43322557, 0.0, 1.0, 0.666666666667, 0.0, 5
0.0492020393333, 0.0696192366667, 0.0, 1.0, 0.666666666667, 0.0, 5
0.0561375833333, 0.0717115833333, 0.0, 0.314285714286, 0.666666666667, 0.0, 5
0.224902446667, 1.34466894, 0.0, 1.0, 0.666666666667, 0.0, 5
0.06065675, 0.0809129166667, 0.0, 1.0, 0.666666666667, 0.0, 5
0.0721464166667, 0.08982175, 0.0, 1.0, 0.666666666667, 0.0, 5
0.0641810833333, 0.08010475, 0.0, 0.885714285714, 0.666666666667, 0.0, 5
0.0704269166667, 0.0856098333333, 0.0, 0.885714285714, 0.666666666667, 0.0, 5
0.584546666667, 6.38343175, 0.0, 0.885714285714, 0.666666666667, 0.0, 1
0.0606291666667, 0.077337, 0.0, 1.0, 0.666666666667, 0.0, 5
0.27314437, 1.96713158667, 0.01, 1.0, 0.666666666667, 0.0, 2
0.0619726666667, 0.0829430833333, 0.0, 1.0, 0.666666666667, 0.0, 5
0.0571922893333, 0.0776950173333, 0.0, 0.914285714286, 0.666666666667, 0.0, 5
0.231668152, 1.69787075, 0.0, 1.0, 0.666666666667, 0.0, 5
0.0559241753333, 0.074692798, 0.0, 1.0, 0.666666666667, 0.0, 5
0.0748976006667, 0.102021088, 0.0, 1.0, 0.666666666667, 0.0, 5
0.207912790667, 1.370053862, 0.0, 1.0, 0.666666666667, 0.0, 5
0.207912790667, 1.370053862, 0.0, 1.0, 0.666666666667, 0.0, 5
0.06465875, 0.08336625, 0.0, 1.0, 0.666666666667, 0.0, 5
0.064805026, 0.0836026226667, 0.0, 1.0, 0.666666666667, 0.0, 5
0.0571626666667, 0.0762375833333, 0.0, 1.0, 0.666666666667, 0.0, 5
0.0637360046667, 0.078093408, 0.0, 1.0, 0.666666666667, 0.0, 5
0.0637360046667, 0.078093408, 0.0, 1.0, 0.666666666667, 0.0, 5
0.230234254, 1.541413156, 0.0, 1.0, 0.666666666667, 0.0, 5
0.0626162366667, 0.085245548, 0.0, 1.0, 0.666666666667, 0.0, 5
0.0626162366667, 0.085245548, 0.0, 1.0, 0.666666666667, 0.0, 5
0.155872936, 1.095000188, 0.01, 1.0, 0.666666666667, 0.0, 5
0.0508673333333, 0.0710451666667, 0.0, 1.0, 0.666666666667, 0.0, 5
0.0555948333333, 0.0782405833333, 0.0, 1.0, 0.666666666667, 0.0, 5
0.0719288906667, 0.0925674033333, 0.0, 1.0, 0.666666666667, 0.0, 5
0.0602100833333, 0.0755326666667, 0.0, 1.0, 0.666666666667, 0.0, 5
0.052592, 0.0705593333333, 0.0, 1.0, 0.666666666667, 0.0, 5
0.0601865833333, 0.08303625, 0.0, 1.0, 0.666666666667, 0.0, 5
0.0601865833333, 0.08303625, 0.0, 1.0, 0.666666666667, 0.0, 5
0.227133642667, 1.62892959133, 0.0, 1.0, 0.666666666667, 0.0, 5
0.066495, 0.08091775, 0.0, 1.0, 0.666666666667, 0.0, 5
0.0639776886667, 0.0803505573333, 0.0, 1.0, 0.666666666667, 0.0, 5
0.262540192667, 1.78049748533, 0.01, 1.0, 0.666666666667, 0.0, 5
0.06336475, 0.0850385, 0.0, 1.0, 0.666666666667, 0.0, 5
0.0681253333333, 0.08540225, 0.0, 1.0, 0.666666666667, 0.0, 5
0.0651189166667, 0.0843086666667, 0.0, 1.0, 0.666666666667, 0.0, 5
0.0651189166667, 0.0843086666667, 0.0, 1.0, 0.666666666667, 0.0, 5
0.246029896, 1.682787842, 0.01, 1.0, 0.666666666667, 0.0, 5
0.332886111333, 1.09819723133, 0.0, 1.0, 0.666666666667, 0.0, 5
0.0629298333333, 0.0823532873333, 0.0, 1.0, 0.666666666667, 0.0, 5
0.0637314166667, 0.0861358333333, 0.0, 1.0, 0.666666666667, 0.0, 5
0.0637314166667, 0.0861358333333, 0.0, 1.0, 0.666666666667, 0.0, 5
0.575573166667, 3.15376678267, 0.03, 1.0, 0.666666666667, 0.0, 1
0.0637811666667, 0.08514275, 0.0, 1.0, 0.666666666667, 0.0, 5
0.05440675, 0.0774464166667, 0.0, 1.0, 0.666666666667, 0.0, 5
0.0789410613333, 0.0932137546667, 0.0, 0.314285714286, 0.666666666667, 0.0, 5
0.186712179333, 1.24890210467, 0.0, 1.0, 0.666666666667, 0.0, 5
0.055690026, 0.0727639253333, 0.0, 1.0, 0.666666666667, 0.0, 5
0.0662255, 0.0796095833333, 0.0, 1.0, 0.666666666667, 0.0, 5
0.055761022, 0.077269044, 0.0, 1.0, 0.666666666667, 0.0, 5
0.0684354606667, 0.087985684, 0.0, 1.0, 0.666666666667, 0.0, 5
0.149789324, 1.060416704, 0.01, 1.0, 0.666666666667, 0.0, 5
0.0643908333333, 0.0864191666667, 0.0, 1.0, 0.666666666667, 0.0, 5
0.0600484166667, 0.0863969166667, 0.0, 1.0, 0.666666666667, 0.0, 5
0.130661203333, 0.907729610667, 0.01, 0.314285714286, 0.666666666667, 0.0, 4
0.052858, 0.0743675, 0.0, 0.314285714286, 0.666666666667, 0.0, 5
0.0705033333333, 0.0875290833333, 0.0, 1.0, 0.666666666667, 0.0, 5
0.213343435333, 1.48561056867, 0.01, 1.0, 0.666666666667, 0.0, 5
0.0817033246667, 0.0944430306667, 0.0, 1.0, 0.666666666667, 0.0, 5
0.054295044, 0.074688662, 0.0, 1.0, 0.666666666667, 0.0, 5
0.244227479333, 1.75197525867, 0.0, 1.0, 0.666666666667, 0.0, 5
0.054306, 0.0731854166667, 0.0, 1.0, 0.666666666667, 0.0, 5
0.060024614, 0.0805161493333, 0.0, 1.0, 0.666666666667, 0.0, 5
0.060024614, 0.0805161493333, 0.0, 0.9, 0.666666666667, 0.0, 5
0.060024614, 0.0805161493333, 0.0, 0.9, 0.666666666667, 0.0, 5
0.060024614, 0.0805161493333, 0.0, 1.0, 0.666666666667, 0.0, 5
0.06867575, 0.086449338, 0.0, 1.0, 0.666666666667, 0.0, 5
0.0685883333333, 0.0891359166667, 0.0, 1.0, 0.666666666667, 0.0, 5
0.233925615333, 1.84562097467, 0.01, 1.0, 0.666666666667, 0.0, 4
0.050313364, 0.072639158, 0.0, 1.0, 0.666666666667, 0.0, 5
0.0637766666667, 0.0823915, 0.0, 0.885714285714, 0.666666666667, 0.0, 5
0.0613085, 0.0821914166667, 0.0, 0.885714285714, 0.666666666667, 0.0, 5
0.0613085, 0.0821914166667, 0.0, 0.885714285714, 0.666666666667, 0.0, 5
0.0613085, 0.0821914166667, 0.0, 0.885714285714, 0.666666666667, 0.0, 5
0.062194658, 0.0821455526667, 0.0, 0.885714285714, 0.666666666667, 0.0, 5
0.064976, 0.0877794166667, 0.0, 1.0, 0.666666666667, 0.0, 5
0.0733295, 0.0938290833333, 0.0, 1.0, 0.666666666667, 0.0, 5
0.06332068, 0.0860076973333, 0.0, 1.0, 0.666666666667, 0.0, 5
0.0678089166667, 0.0851649166667, 0.0, 1.0, 0.666666666667, 0.0, 5
0.068552636, 0.0883724253333, 0.0, 1.0, 0.666666666667, 0.0, 5
0.0658352366667, 0.0822583993333, 0.0, 1.0, 0.666666666667, 0.0, 5
0.154004702, 1.19903123067, 0.0, 1.0, 0.666666666667, 0.0, 5
0.0640259166667, 0.0799043333333, 0.0, 1.0, 0.666666666667, 0.0, 5
0.0621145833333, 0.0889336666667, 0.0, 1.0, 0.666666666667, 0.0, 5
0.272620138667, 1.684460528, 0.01, 0.914285714286, 0.666666666667, 0.0, 4
0.0676863246667, 0.0837821446667, 0.0, 0.914285714286, 0.666666666667, 0.0, 5
0.057109022, 0.0784762546667, 0.0, 1.0, 0.666666666667, 0.0, 5
0.292017085333, 2.01282018267, 0.0, 0.9, 0.666666666667, 0.0, 2
0.0767396666667, 0.0956985833333, 0.0, 0.9, 0.666666666667, 0.0, 5
0.0616872146667, 0.080079092, 0.0, 0.914285714286, 0.666666666667, 0.0, 5
0.15321898, 1.20219659133, 0.01, 1.0, 0.666666666667, 0.0, 5
0.0540691666667, 0.0769218333333, 0.0, 1.0, 0.666666666667, 0.0, 5
0.056625, 0.0780536666667, 0.0, 0.885714285714, 0.666666666667, 0.0, 5
0.295541609333, 1.92746313133, 0.0, 1.0, 0.666666666667, 0.0, 2
0.0685684166667, 0.0882246666667, 0.0, 1.0, 0.666666666667, 0.0, 5
0.0553126666667, 0.0752576666667, 0.0, 0.914285714286, 0.666666666667, 0.0, 5
0.282851758667, 1.598600978, 0.0, 1.0, 0.666666666667, 0.0, 5
0.235284833333, 0.585771833333, 0.0, 1.0, 0.666666666667, 0.0, 5
0.0528125833333, 0.0725506666667, 0.0, 1.0, 0.666666666667, 0.0, 5
0.062136, 0.08769775, 0.0, 1.0, 0.666666666667, 0.0, 5
0.0671665746667, 1.93481667533, 0.01, 1.0, 0.666666666667, 0.0, 5
0.0671665746667, 1.93481667533, 0.01, 1.0, 0.666666666667, 0.0, 5
0.133183166667, 0.421839416667, 0.0, 1.0, 0.666666666667, 0.0, 5
0.061785, 0.0779951666667, 0.0, 1.0, 0.666666666667, 0.0, 5
0.0646425833333, 0.0813038333333, 0.0, 1.0, 0.666666666667, 0.0, 5
0.273567916, 1.69011578, 0.01, 0.414285714286, 0.666666666667, 0.0, 2
0.054582, 0.0734535833333, 0.0, 1.0, 0.666666666667, 0.0, 5
0.09302375, 0.557740333333, 0.0, 1.0, 0.666666666667, 0.0, 5
0.231761661333, 1.64872671133, 0.01, 0.385714285714, 0.666666666667, 0.0, 2
0.063707706, 0.0868270306667, 0.0, 1.0, 0.666666666667, 0.0, 5
0.0523105, 0.0716574166667, 0.0, 1.0, 0.666666666667, 0.0, 5
0.187534057333, 1.44691658533, 0.01, 1.0, 0.666666666667, 0.0, 5
0.0607586973333, 0.0817787586667, 0.0, 1.0, 0.666666666667, 0.0, 5
0.0759576093333, 0.098238342, 0.0, 1.0, 0.666666666667, 0.0, 5
0.152448407333, 1.07251441467, 0.0, 1.0, 0.666666666667, 0.0, 5
0.152448407333, 1.07251441467, 0.0, 1.0, 0.666666666667, 0.0, 5
0.152448407333, 1.07251441467, 0.0, 1.0, 0.666666666667, 0.0, 5
0.152448407333, 1.07251441467, 0.0, 1.0, 0.666666666667, 0.0, 5
0.152448407333, 1.07251441467, 0.0, 0.9, 0.666666666667, 0.0, 5
0.152448407333, 1.07251441467, 0.0, 0.9, 0.666666666667, 0.0, 5
0.152448407333, 1.07251441467, 0.0, 1.0, 0.666666666667, 0.0, 5
0.152448407333, 1.07251441467, 0.0, 1.0, 0.666666666667, 0.0, 5
0.134904640667, 0.225113986667, 0.0, 1.0, 0.666666666667, 0.0, 5
0.0544951666667, 0.07587225, 0.0, 1.0, 0.666666666667, 0.0, 5
0.0739535833333, 0.0926471666667, 0.0, 1.0, 0.666666666667, 0.0, 5
0.06391625, 0.0888055833333, 0.0, 1.0, 0.666666666667, 0.0, 5
0.173068709333, 1.45933762467, 0.01, 1.0, 0.666666666667, 0.0, 5
0.0593577413333, 0.0767742453333, 0.0, 1.0, 0.666666666667, 0.0, 5
0.0612901666667, 0.0815049166667, 0.0, 1.0, 0.666666666667, 0.0, 5
0.073369456, 0.0927049953333, 0.0, 1.0, 0.666666666667, 0.0, 5
0.05525875, 0.0744499166667, 0.0, 1.0, 0.666666666667, 0.0, 5
0.0711411666667, 0.0872754166667, 0.0, 1.0, 0.666666666667, 0.0, 5
0.0649745833333, 0.0866630833333, 0.0, 1.0, 0.666666666667, 0.0, 5
0.0649745833333, 0.0866630833333, 0.0, 1.0, 0.666666666667, 0.0, 5
0.0649745833333, 0.0866630833333, 0.0, 1.0, 0.666666666667, 0.0, 5
0.0649745833333, 0.0866630833333, 0.0, 1.0, 0.666666666667, 0.0, 5
0.0649745833333, 0.0866630833333, 0.0, 0.928571428571, 0.666666666667, 0.0, 5
0.0649745833333, 0.0866630833333, 0.0, 1.0, 0.666666666667, 0.0, 5
0.0649745833333, 0.0866630833333, 0.0, 1.0, 0.666666666667, 0.0, 5
0.0649745833333, 0.0866630833333, 0.0, 0.914285714286, 0.666666666667, 0.0, 5
0.0649745833333, 0.0866630833333, 0.0, 1.0, 0.666666666667, 0.0, 5
0.0649745833333, 0.0866630833333, 0.0, 1.0, 0.666666666667, 0.0, 5
0.295518649333, 1.471059794, 0.0, 0.457142857143, 0.666666666667, 0.0, 2
0.295518649333, 1.471059794, 0.0, 0.457142857143, 0.666666666667, 0.0, 2
0.295518649333, 1.471059794, 0.0, 0.914285714286, 0.666666666667, 0.0, 5
0.295518649333, 1.471059794, 0.0, 0.914285714286, 0.666666666667, 0.0, 5
0.0629734166667, 0.0858351666667, 0.0, 1.0, 0.666666666667, 0.0, 5
0.064596342, 0.0855620833333, 0.0, 1.0, 0.666666666667, 0.0, 5
0.264665668, 1.49325127467, 0.01, 1.0, 0.666666666667, 0.0, 5
0.0685279166667, 0.0842335, 0.0, 0.914285714286, 0.666666666667, 0.0, 5
0.0712573726667, 0.0911970613333, 0.0, 0.914285714286, 0.666666666667, 0.0, 5
0.312578778, 1.35613263867, 0.01, 1.0, 0.666666666667, 0.0, 5
0.0614185, 0.0824835833333, 0.0, 1.0, 0.666666666667, 0.0, 5
0.0729256973333, 0.0905371533333, 0.0, 1.0, 0.666666666667, 0.0, 5
0.213965036, 1.31918191067, 0.02, 1.0, 0.666666666667, 0.0, 5
0.0508899693333, 0.072674816, 0.0, 1.0, 0.666666666667, 0.0, 5
0.0725313333333, 0.09161475, 0.0, 1.0, 0.666666666667, 0.0, 5
0.060638926, 0.088965426, 0.0, 1.0, 0.666666666667, 0.0, 5
0.060638926, 0.088965426, 0.0, 1.0, 0.666666666667, 0.0, 5
0.257799033333, 1.73203561, 0.01, 1.0, 0.666666666667, 0.0, 5
0.0784949166667, 0.100903833333, 0.0, 1.0, 0.666666666667, 0.0, 5
0.0564681666667, 0.0778915833333, 0.0, 1.0, 0.666666666667, 0.0, 5
0.310023972, 2.04142808333, 0.0, 1.0, 0.666666666667, 0.0, 2
0.0579583333333, 0.0849903333333, 0.0, 1.0, 0.666666666667, 0.0, 5
0.0579229166667, 0.07451975, 0.0, 1.0, 0.666666666667, 0.0, 5
0.0594907806667, 0.0821003286667, 0.0, 1.0, 0.666666666667, 0.0, 5
0.0954925146667, 1.30999644333, 0.0, 1.0, 0.666666666667, 0.0, 5
0.0582445, 0.0804815833333, 0.0, 1.0, 0.666666666667, 0.0, 5
0.0632028026667, 0.0870791973333, 0.0, 1.0, 0.666666666667, 0.0, 5
0.0544337633333, 0.0696081093333, 0.0, 1.0, 0.666666666667, 0.0, 5
0.06009625, 0.0832011666667, 0.0, 1.0, 0.666666666667, 0.0, 5
0.06009625, 0.0832011666667, 0.0, 1.0, 0.666666666667, 0.0, 5
0.053261886, 0.080315978, 0.0, 1.0, 0.666666666667, 0.0, 5
0.053261886, 0.080315978, 0.0, 1.0, 0.666666666667, 0.0, 5
0.053261886, 0.080315978, 0.0, 1.0, 0.666666666667, 0.0, 5
0.053261886, 0.080315978, 0.0, 0.885714285714, 0.666666666667, 0.0, 5
0.053261886, 0.080315978, 0.0, 0.885714285714, 0.666666666667, 0.0, 5
0.053261886, 0.080315978, 0.0, 1.0, 0.666666666667, 0.0, 5
0.053261886, 0.080315978, 0.0, 1.0, 0.666666666667, 0.0, 5
0.053261886, 0.080315978, 0.0, 0.914285714286, 0.666666666667, 0.0, 5
0.053261886, 0.080315978, 0.0, 1.0, 0.666666666667, 0.0, 5
0.336372666, 3.88948371267, 0.03, 1.0, 0.666666666667, 0.0, 1
0.336372666, 3.88948371267, 0.03, 1.0, 0.666666666667, 0.0, 1
0.336372666, 3.88948371267, 0.03, 1.0, 0.666666666667, 0.0, 1
0.336372666, 3.88948371267, 0.03, 1.0, 0.666666666667, 0.0, 1
0.336372666, 3.88948371267, 0.03, 1.0, 0.666666666667, 0.0, 1
0.336372666, 3.88948371267, 0.03, 1.0, 0.666666666667, 0.0, 1
0.393949042667, 1.48651713467, 0.01, 1.0, 0.666666666667, 0.0, 5
0.393949042667, 1.48651713467, 0.01, 1.0, 0.666666666667, 0.0, 5
0.393949042667, 1.48651713467, 0.01, 1.0, 0.666666666667, 0.0, 5
0.393949042667, 1.48651713467, 0.01, 1.0, 0.666666666667, 0.0, 5
0.393949042667, 1.48651713467, 0.01, 1.0, 0.666666666667, 0.0, 5
0.393949042667, 1.48651713467, 0.01, 1.0, 0.666666666667, 0.0, 5
0.024408, 0.04840925, 0.0, 1.0, 0.666666666667, 0.0, 5
0.239546486667, 1.24340194267, 0.0, 1.0, 0.666666666667, 0.0, 5
0.239546486667, 1.24340194267, 0.0, 1.0, 0.666666666667, 0.0, 5
0.126042987333, 0.821128801333, 0.0, 1.0, 0.666666666667, 0.0, 5
0.126042987333, 0.821128801333, 0.0, 1.0, 0.666666666667, 0.0, 5
0.0265775833333, 0.0494173333333, 0.0, 1.0, 0.666666666667, 0.0, 5
0.0265775833333, 0.0494173333333, 0.0, 1.0, 0.666666666667, 0.0, 5
0.0265775833333, 0.0494173333333, 0.0, 1.0, 0.666666666667, 0.0, 5
0.0222777546667, 0.0455238113333, 0.0, 1.0, 0.666666666667, 0.0, 5
0.02022757, 0.0443124426667, 0.0, 1.0, 0.666666666667, 0.0, 5
0.0250939473333, 0.0517157853333, 0.0, 1.0, 0.666666666667, 0.0, 5
0.0192388333333, 0.04552975, 0.0, 1.0, 0.666666666667, 0.0, 5
0.133186456, 0.855097978, 0.0, 1.0, 0.666666666667, 0.0, 5
0.133186456, 0.855097978, 0.0, 1.0, 0.666666666667, 0.0, 5
0.0195000833333, 0.0454404166667, 0.0, 1.0, 0.666666666667, 0.0, 5
0.0248123333333, 0.0500716666667, 0.0, 1.0, 0.666666666667, 0.0, 5
0.175935055333, 1.09062894467, 0.01, 1.0, 0.666666666667, 0.0, 5
0.01921475, 0.045996044, 0.0, 1.0, 0.666666666667, 0.0, 5
0.0463760833333, 0.0686834166667, 0.0, 1.0, 0.666666666667, 0.0, 5
0.105488543333, 0.819901660667, 0.01, 1.0, 0.666666666667, 0.0, 5
0.0255026926667, 0.048215114, 0.0, 0.328571428571, 0.666666666667, 0.0, 5
0.0423551666667, 0.0659765833333, 0.0, 1.0, 0.666666666667, 0.0, 5
0.0255685, 0.0494686666667, 0.0, 1.0, 0.666666666667, 0.0, 5
0.0208418333333, 0.0440051666667, 0.0, 1.0, 0.666666666667, 0.0, 5
0.0208418333333, 0.0440051666667, 0.0, 1.0, 0.666666666667, 0.0, 5
0.0276336666667, 0.05146875, 0.0, 1.0, 0.666666666667, 0.0, 5
0.0220704166667, 0.04742725, 0.0, 1.0, 0.666666666667, 0.0, 5
0.102068671333, 0.762801927333, 0.0, 1.0, 0.666666666667, 0.0, 5
0.028701, 0.0504755, 0.0, 1.0, 0.666666666667, 0.0, 5
0.124487810667, 1.042369726, 0.0, 0.485714285714, 0.666666666667, 0.0, 5
0.0286765, 0.0514523333333, 0.0, 0.485714285714, 0.666666666667, 0.0, 5
0.0187370833333, 0.0451098333333, 0.0, 1.0, 0.666666666667, 0.0, 5
0.0306165833333, 0.0554526666667, 0.0, 1.0, 0.666666666667, 0.0, 5
0.0199110833333, 0.044468, 0.0, 1.0, 0.666666666667, 0.0, 5
0.0357755086667, 0.0576694913333, 0.0, 1.0, 0.666666666667, 0.0, 5
0.0208289166667, 0.04766475, 0.0, 1.0, 0.666666666667, 0.0, 5
0.0208289166667, 0.04766475, 0.0, 1.0, 0.666666666667, 0.0, 5
0.0279374866667, 0.0484966713333, 0.0, 1.0, 0.666666666667, 0.0, 5
0.03063825, 0.0562849166667, 0.0, 1.0, 0.666666666667, 0.0, 5
0.0329965, 0.054552, 0.0, 1.0, 0.666666666667, 0.0, 5
0.0329965, 0.054552, 0.0, 1.0, 0.666666666667, 0.0, 5
0.0183346926667, 0.043025548, 0.0, 1.0, 0.666666666667, 0.0, 5
0.0183346926667, 0.043025548, 0.0, 1.0, 0.666666666667, 0.0, 5
0.021176662, 0.0464410353333, 0.0, 1.0, 0.666666666667, 0.0, 5
0.180348714, 1.04960935733, 0.0, 1.0, 0.666666666667, 0.0, 5
0.029792656, 0.0545133726667, 0.0, 1.0, 0.666666666667, 0.0, 5
0.0186793333333, 0.0460814166667, 0.0, 1.0, 0.666666666667, 0.0, 5
0.0660197546667, 0.501323013333, 0.0, 1.0, 0.666666666667, 0.0, 5
0.0260546666667, 0.05231225, 0.0, 1.0, 0.666666666667, 0.0, 5
0.03705475, 0.0561989166667, 0.0, 1.0, 0.666666666667, 0.0, 5
0.0323715833333, 0.0571046666667, 0.0, 1.0, 0.666666666667, 0.0, 5
0.0285678506667, 0.0495495086667, 0.0, 1.0, 0.666666666667, 0.0, 5
0.0233803026667, 0.0483745086667, 0.0, 1.0, 0.666666666667, 0.0, 5
0.0342615833333, 0.0554040833333, 0.0, 0.457142857143, 0.666666666667, 0.0, 5
0.0215174166667, 0.0468494606667, 0.0, 0.457142857143, 0.666666666667, 0.0, 5
0.02214075, 0.0470539166667, 0.0, 1.0, 0.666666666667, 0.0, 5
0.02214075, 0.0470539166667, 0.0, 1.0, 0.666666666667, 0.0, 5
0.08011225, 0.595203220667, 0.0, 1.0, 0.666666666667, 0.0, 5
0.08011225, 0.595203220667, 0.0, 1.0, 0.666666666667, 0.0, 5
0.107038754667, 0.593155814, 0.01, 1.0, 0.666666666667, 0.0, 5
0.107038754667, 0.593155814, 0.01, 1.0, 0.666666666667, 0.0, 5
0.0240881666667, 0.0463895, 0.0, 1.0, 0.666666666667, 0.0, 5
0.0240881666667, 0.0463895, 0.0, 1.0, 0.666666666667, 0.0, 5
0.0231503686667, 0.046654294, 0.0, 1.0, 0.666666666667, 0.0, 5
0.0231503686667, 0.046654294, 0.0, 1.0, 0.666666666667, 0.0, 5
0.163743916667, 1.18472725, 0.0, 1.0, 0.666666666667, 0.0, 5
0.163743916667, 1.18472725, 0.0, 1.0, 0.666666666667, 0.0, 5
0.163743916667, 1.18472725, 0.0, 1.0, 0.666666666667, 0.0, 5
0.0220632586667, 0.0483629826667, 0.0, 1.0, 0.666666666667, 0.0, 5
0.0246253593333, 0.0469513073333, 0.0, 1.0, 0.666666666667, 0.0, 5
0.0199960833333, 0.044608, 0.0, 1.0, 0.666666666667, 0.0, 5
0.0199960833333, 0.044608, 0.0, 1.0, 0.666666666667, 0.0, 5
0.0220550833333, 0.0469715833333, 0.0, 1.0, 0.666666666667, 0.0, 5
0.142097190667, 0.941868047333, 0.0, 1.0, 0.666666666667, 0.0, 5
0.142097190667, 0.941868047333, 0.0, 1.0, 0.666666666667, 0.0, 5
0.0350755833333, 0.0562229166667, 0.0, 1.0, 0.666666666667, 0.0, 5
0.0350755833333, 0.0562229166667, 0.0, 1.0, 0.666666666667, 0.0, 5
0.0224789166667, 0.046871, 0.0, 1.0, 0.666666666667, 0.0, 5
0.0224789166667, 0.046871, 0.0, 1.0, 0.666666666667, 0.0, 5
0.017925, 0.0432608333333, 0.0, 1.0, 0.666666666667, 0.0, 5
0.017925, 0.0432608333333, 0.0, 1.0, 0.666666666667, 0.0, 5
0.0265324166667, 0.0476685833333, 0.0, 1.0, 0.666666666667, 0.0, 5
0.0265324166667, 0.0476685833333, 0.0, 1.0, 0.666666666667, 0.0, 5
0.03408525, 0.05554375, 0.0, 0.442857142857, 0.666666666667, 0.0, 5
0.03408525, 0.05554375, 0.0, 0.442857142857, 0.666666666667, 0.0, 5
0.027945526, 0.0501315613333, 0.0, 1.0, 0.666666666667, 0.0, 5
0.027945526, 0.0501315613333, 0.0, 1.0, 0.666666666667, 0.0, 5
0.0215884166667, 0.04658918, 0.0, 1.0, 0.666666666667, 0.0, 5
0.0215884166667, 0.04658918, 0.0, 1.0, 0.666666666667, 0.0, 5
0.02142125, 0.0452875833333, 0.0, 1.0, 0.666666666667, 0.0, 5
0.02142125, 0.0452875833333, 0.0, 1.0, 0.666666666667, 0.0, 5
0.0330583286667, 0.053501978, 0.0, 1.0, 0.666666666667, 0.0, 5
0.0330583286667, 0.053501978, 0.0, 1.0, 0.666666666667, 0.0, 5
0.0185898333333, 0.0442965833333, 0.0, 1.0, 0.666666666667, 0.0, 5
0.0185898333333, 0.0442965833333, 0.0, 1.0, 0.666666666667, 0.0, 5
0.0282070833333, 0.05270625, 0.0, 1.0, 0.666666666667, 0.0, 5
0.0243303333333, 0.0468945, 0.0, 1.0, 0.666666666667, 0.0, 5
0.0243303333333, 0.0468945, 0.0, 1.0, 0.666666666667, 0.0, 5
0.0243303333333, 0.0468945, 0.0, 1.0, 0.666666666667, 0.0, 5
0.0243303333333, 0.0468945, 0.0, 1.0, 0.666666666667, 0.0, 5
0.0243303333333, 0.0468945, 0.0, 1.0, 0.666666666667, 0.0, 5
0.0243303333333, 0.0468945, 0.0, 1.0, 0.666666666667, 0.0, 5
0.0243303333333, 0.0468945, 0.0, 0.457142857143, 0.666666666667, 0.0, 5
0.0246617453333, 0.0521333993333, 0.0, 0.457142857143, 0.666666666667, 0.0, 5
0.0246617453333, 0.0521333993333, 0.0, 1.0, 0.666666666667, 0.0, 5
0.124606528, 1.01318080533, 0.01, 1.0, 0.666666666667, 0.0, 5
0.124606528, 1.01318080533, 0.01, 1.0, 0.666666666667, 0.0, 5
0.124606528, 1.01318080533, 0.01, 1.0, 0.666666666667, 0.0, 5
0.0211934386667, 0.0486318073333, 0.0, 1.0, 0.666666666667, 0.0, 5
0.0211934386667, 0.0486318073333, 0.0, 1.0, 0.666666666667, 0.0, 5
0.0211934386667, 0.0486318073333, 0.0, 0.385714285714, 0.666666666667, 0.0, 5
0.0211934386667, 0.0486318073333, 0.0, 1.0, 0.666666666667, 0.0, 5
0.03570025, 0.0592250833333, 0.0, 1.0, 0.666666666667, 0.0, 5
0.03570025, 0.0592250833333, 0.0, 1.0, 0.666666666667, 0.0, 5
0.0265985833333, 0.05336625, 0.0, 0.485714285714, 0.666666666667, 0.0, 5
0.0265985833333, 0.05336625, 0.0, 0.485714285714, 0.666666666667, 0.0, 5
0.0279757366667, 0.052911066, 0.0, 1.0, 0.666666666667, 0.0, 5
0.0314208686667, 0.0553920613333, 0.0, 1.0, 0.666666666667, 0.0, 5
0.02935075, 0.056676, 0.0, 1.0, 0.666666666667, 0.0, 5
0.0368714166667, 0.069398, 0.0, 1.0, 0.666666666667, 0.0, 5
0.0368714166667, 0.069398, 0.0, 0.442857142857, 0.666666666667, 0.0, 5
0.168702826, 1.174420018, 0.0, 0.442857142857, 0.666666666667, 0.0, 4
0.0389456926667, 0.0919853906667, 0.0, 1.0, 0.666666666667, 0.0, 5
0.0266211666667, 0.05183125, 0.0, 0.485714285714, 0.666666666667, 0.0, 5
0.0266211666667, 0.05183125, 0.0, 0.485714285714, 0.666666666667, 0.0, 5
0.0309218333333, 0.0558011666667, 0.0, 0.485714285714, 0.666666666667, 0.0, 5
0.0251854953333, 0.053500316, 0.0, 1.0, 0.666666666667, 0.0, 5
0.0340666666667, 0.0584161666667, 0.0, 1.0, 0.666666666667, 0.0, 5
0.0340666666667, 0.0584161666667, 0.0, 1.0, 0.666666666667, 0.0, 5
0.0340666666667, 0.0584161666667, 0.0, 1.0, 0.666666666667, 0.0, 5
0.0371295, 0.140309416667, 0.0, 1.0, 0.666666666667, 0.0, 5
0.0249921666667, 0.0506581666667, 0.0, 1.0, 0.666666666667, 0.0, 5
0.0818679633333, 0.612497377333, 0.01, 1.0, 0.666666666667, 0.0, 5
0.031192896, 0.081783646, 0.0, 1.0, 0.666666666667, 0.0, 5
0.0333905, 0.0589054033333, 0.0, 1.0, 0.666666666667, 0.0, 5
0.0244821666667, 0.0514921666667, 0.0, 1.0, 0.666666666667, 0.0, 5
0.0309815833333, 0.0551273333333, 0.0, 1.0, 0.666666666667, 0.0, 5
0.149968204, 0.931418426, 0.0, 1.0, 0.666666666667, 0.0, 5
0.149968204, 0.931418426, 0.0, 1.0, 0.666666666667, 0.0, 5
0.149968204, 0.931418426, 0.0, 1.0, 0.666666666667, 0.0, 5
0.149968204, 0.931418426, 0.0, 1.0, 0.666666666667, 0.0, 5
0.0329923813333, 0.0574036666667, 0.0, 0.357142857143, 0.666666666667, 0.0, 5
0.0329923813333, 0.0574036666667, 0.0, 0.357142857143, 0.666666666667, 0.0, 5
0.0329923813333, 0.0574036666667, 0.0, 0.357142857143, 0.666666666667, 0.0, 5
0.0236995, 0.0509243333333, 0.0, 1.0, 0.666666666667, 0.0, 5
0.0236995, 0.0509243333333, 0.0, 0.385714285714, 0.666666666667, 0.0, 5
0.0345935833333, 0.05734175, 0.0, 0.385714285714, 0.666666666667, 0.0, 5
0.0274071713333, 0.0529511666667, 0.0, 1.0, 0.666666666667, 0.0, 5
0.0274071713333, 0.0529511666667, 0.0, 1.0, 0.666666666667, 0.0, 5
0.0274071713333, 0.0529511666667, 0.0, 1.0, 0.666666666667, 0.0, 5
0.0274071713333, 0.0529511666667, 0.0, 1.0, 0.666666666667, 0.0, 5
0.021341272, 0.0474317806667, 0.0, 1.0, 0.666666666667, 0.0, 5
0.021341272, 0.0474317806667, 0.0, 1.0, 0.666666666667, 0.0, 5
0.021341272, 0.0474317806667, 0.0, 1.0, 0.666666666667, 0.0, 5
0.060331838, 0.0744238553333, 0.0, 1.0, 0.666666666667, 0.0, 5
0.060331838, 0.0744238553333, 0.0, 1.0, 0.666666666667, 0.0, 5
0.060331838, 0.0744238553333, 0.0, 1.0, 0.666666666667, 0.0, 5
0.060331838, 0.0744238553333, 0.0, 1.0, 0.666666666667, 0.0, 5
0.0299848773333, 0.0565579033333, 0.0, 1.0, 0.666666666667, 0.0, 5
0.0299848773333, 0.0565579033333, 0.0, 0.428571428571, 0.666666666667, 0.0, 5
0.113754388667, 0.910766879333, 0.0, 1.0, 0.666666666667, 0.0, 5
0.0275459166667, 0.0551384166667, 0.0, 1.0, 0.666666666667, 0.0, 5
0.0275459166667, 0.0551384166667, 0.0, 1.0, 0.666666666667, 0.0, 5
0.0275459166667, 0.0551384166667, 0.0, 1.0, 0.666666666667, 0.0, 5
0.0275459166667, 0.0551384166667, 0.0, 1.0, 0.666666666667, 0.0, 5
0.0308689166667, 0.0563294166667, 0.0, 1.0, 0.666666666667, 0.0, 5
0.0308689166667, 0.0563294166667, 0.0, 1.0, 0.666666666667, 0.0, 5
0.0293333333333, 0.0550775833333, 0.0, 1.0, 0.666666666667, 0.0, 5
0.0293333333333, 0.0550775833333, 0.0, 1.0, 0.666666666667, 0.0, 5
0.022779026, 0.0490195, 0.0, 0.5, 0.666666666667, 0.0, 5
0.022779026, 0.0490195, 0.0, 0.5, 0.666666666667, 0.0, 5
0.0255511273333, 0.0536356973333, 0.0, 1.0, 0.666666666667, 0.0, 5
0.0255511273333, 0.0536356973333, 0.0, 1.0, 0.666666666667, 0.0, 5
0.0255511273333, 0.0536356973333, 0.0, 1.0, 0.666666666667, 0.0, 5
0.0255511273333, 0.0536356973333, 0.0, 1.0, 0.666666666667, 0.0, 5
0.0282385133333, 0.0571340353333, 0.0, 1.0, 0.666666666667, 0.0, 5
0.0282385133333, 0.0571340353333, 0.0, 1.0, 0.666666666667, 0.0, 5
0.0282385133333, 0.0571340353333, 0.0, 1.0, 0.666666666667, 0.0, 5
0.029847, 0.0565088333333, 0.0, 0.428571428571, 0.666666666667, 0.0, 5
0.029847, 0.0565088333333, 0.0, 0.428571428571, 0.666666666667, 0.0, 5
0.204043583333, 1.53519074533, 0.0, 1.0, 0.666666666667, 0.0, 5
0.0429678333333, 0.0625385, 0.0, 1.0, 0.666666666667, 0.0, 5
0.0429678333333, 0.0625385, 0.0, 1.0, 0.666666666667, 0.0, 5
0.0238583993333, 0.0497605306667, 0.0, 1.0, 0.666666666667, 0.0, 5
0.0303707453333, 0.0567992106667, 0.0, 1.0, 0.666666666667, 0.0, 5
0.0303707453333, 0.0567992106667, 0.0, 1.0, 0.666666666667, 0.0, 5
0.0303707453333, 0.0567992106667, 0.0, 1.0, 0.666666666667, 0.0, 5
0.0303707453333, 0.0567992106667, 0.0, 1.0, 0.666666666667, 0.0, 5
0.0303707453333, 0.0567992106667, 0.0, 1.0, 0.666666666667, 0.0, 5
0.0303707453333, 0.0567992106667, 0.0, 1.0, 0.666666666667, 0.0, 5
0.0303707453333, 0.0567992106667, 0.0, 1.0, 0.666666666667, 0.0, 5
0.0303707453333, 0.0567992106667, 0.0, 1.0, 0.666666666667, 0.0, 5
0.0303707453333, 0.0567992106667, 0.0, 1.0, 0.666666666667, 0.0, 5
0.0303707453333, 0.0567992106667, 0.0, 1.0, 0.666666666667, 0.0, 5
0.0303707453333, 0.0567992106667, 0.0, 1.0, 0.666666666667, 0.0, 5
0.03264375, 0.0648113333333, 0.0, 1.0, 0.666666666667, 0.0, 5
0.0446963333333, 0.0779965, 0.0, 1.0, 0.666666666667, 0.0, 5
0.0226514033333, 0.0565341186667, 0.0, 1.0, 0.666666666667, 0.0, 5
0.205515416667, 1.22956933333, 0.0, 1.0, 0.666666666667, 0.0, 5
0.0209606666667, 0.0548964166667, 0.0, 1.0, 0.666666666667, 0.0, 5
0.03610175, 0.0686060833333, 0.0, 1.0, 0.666666666667, 0.0, 5
0.110189421333, 0.541478359333, 0.0, 1.0, 0.666666666667, 0.0, 5
0.0430856666667, 0.0712726666667, 0.0, 1.0, 0.666666666667, 0.0, 5
0.0430856666667, 0.0712726666667, 0.0, 0.442857142857, 0.666666666667, 0.0, 5
0.186959921333, 0.543411464667, 0.0, 1.0, 0.666666666667, 0.0, 5
0.186959921333, 0.543411464667, 0.0, 1.0, 0.666666666667, 0.0, 5
0.03325, 0.066572, 0.0, 1.0, 0.666666666667, 0.0, 5
0.0387651666667, 0.074287, 0.0, 1.0, 0.666666666667, 0.0, 5
0.03913525, 0.0733534166667, 0.0, 1.0, 0.666666666667, 0.0, 5
0.0193411666667, 0.0541278333333, 0.0, 1.0, 0.666666666667, 0.0, 5
0.141788199333, 1.38142899533, 0.0, 1.0, 0.666666666667, 0.0, 5
0.0232142146667, 0.058106956, 0.0, 1.0, 0.666666666667, 0.0, 5
0.0344490833333, 0.06618, 0.0, 1.0, 0.666666666667, 0.0, 5
0.0266954166667, 0.0652974166667, 0.0, 1.0, 0.666666666667, 0.0, 5
0.0356860613333, 0.0670306666667, 0.0, 1.0, 0.666666666667, 0.0, 5
0.0345994166667, 0.06457125, 0.0, 1.0, 0.666666666667, 0.0, 5
0.0243475, 0.0570235, 0.0, 1.0, 0.666666666667, 0.0, 5
0.0366122453333, 0.0698202326667, 0.0, 1.0, 0.666666666667, 0.0, 5
0.199536884667, 1.41005317533, 0.0, 1.0, 0.666666666667, 0.0, 5
0.0436323333333, 0.146067916667, 0.0, 1.0, 0.666666666667, 0.0, 5
0.0491715833333, 0.08454175, 0.0, 1.0, 0.666666666667, 0.0, 5
0.1418205, 1.37182181267, 0.0, 1.0, 0.666666666667, 0.0, 5
0.0373275, 0.068263794, 0.0, 1.0, 0.666666666667, 0.0, 5
0.0319313333333, 0.0680936446667, 0.0, 1.0, 0.666666666667, 0.0, 5
0.0419584166667, 0.180824916667, 0.0, 1.0, 0.666666666667, 0.0, 5
0.0334773726667, 0.0610707146667, 0.0, 1.0, 0.666666666667, 0.0, 5
0.02079375, 0.0532880833333, 0.0, 1.0, 0.666666666667, 0.0, 5
0.171439333333, 1.27179283333, 0.0, 1.0, 0.666666666667, 0.0, 5
0.0294615833333, 0.06252725, 0.0, 1.0, 0.666666666667, 0.0, 5
0.0311049166667, 0.061972, 0.0, 1.0, 0.666666666667, 0.0, 5
0.0220780833333, 0.0552535833333, 0.0, 1.0, 0.666666666667, 0.0, 5
0.031213794, 0.0610793773333, 0.0, 1.0, 0.666666666667, 0.0, 5
0.113160625333, 0.970851166667, 0.0, 1.0, 0.666666666667, 0.0, 5
0.032449, 0.0653483333333, 0.0, 1.0, 0.666666666667, 0.0, 5
0.0249463333333, 0.0576680833333, 0.0, 1.0, 0.666666666667, 0.0, 5
0.0287481666667, 0.0618375, 0.0, 1.0, 0.666666666667, 0.0, 5
0.0325559166667, 0.0671894166667, 0.0, 1.0, 0.666666666667, 0.0, 5
0.0295209166667, 0.0613686666667, 0.0, 1.0, 0.666666666667, 0.0, 5
0.060814044, 0.136846038667, 0.0, 1.0, 0.666666666667, 0.0, 5
0.164290886, 1.17719214067, 0.0, 1.0, 0.666666666667, 0.0, 5
0.03627725, 0.06743225, 0.0, 1.0, 0.666666666667, 0.0, 5
0.126914707333, 1.10597451733, 0.01, 1.0, 0.666666666667, 0.0, 5
0.265819350667, 1.33723489933, 0.0, 1.0, 0.666666666667, 0.0, 5
0.0401558333333, 0.07066825, 0.0, 1.0, 0.666666666667, 0.0, 5
0.02657525, 0.0608585, 0.0, 1.0, 0.666666666667, 0.0, 5
0.0342739166667, 0.0645899166667, 0.0, 1.0, 0.666666666667, 0.0, 5
0.165663069333, 1.18199633333, 0.0, 1.0, 0.666666666667, 0.0, 5
0.0282533333333, 0.058588, 0.0, 1.0, 0.666666666667, 0.0, 5
0.0444338333333, 0.131498416667, 0.0, 1.0, 0.666666666667, 0.0, 5
0.0397788333333, 0.06814575, 0.0, 1.0, 0.666666666667, 0.0, 5
0.166003823333, 1.12273188067, 0.0, 1.0, 0.666666666667, 0.0, 5
0.028385148, 0.0610848426667, 0.0, 1.0, 0.666666666667, 0.0, 5
0.0262152546667, 0.0592353333333, 0.0, 1.0, 0.666666666667, 0.0, 5
0.0344236666667, 0.0653284166667, 0.0, 1.0, 0.666666666667, 0.0, 5
0.0355499166667, 0.0678374166667, 0.0, 1.0, 0.666666666667, 0.0, 5
0.0374265, 0.06922275, 0.0, 1.0, 0.666666666667, 0.0, 5
0.0569330833333, 0.182982166667, 0.0, 0.342857142857, 0.666666666667, 0.0, 5
0.0251863333333, 0.0590389166667, 0.0, 1.0, 0.666666666667, 0.0, 5
0.0304655833333, 0.0640984386667, 0.0, 1.0, 0.666666666667, 0.0, 5
0.045958722, 0.295597583333, 0.0, 1.0, 0.666666666667, 0.0, 5
0.0352771666667, 0.0675933333333, 0.0, 1.0, 0.666666666667, 0.0, 5
0.0473671666667, 0.147736916667, 0.0, 1.0, 0.666666666667, 0.0, 5
0.107305294667, 0.86782092, 0.0, 1.0, 0.666666666667, 0.0, 5
0.0385555, 0.070492, 0.0, 1.0, 0.666666666667, 0.0, 5
0.0372575, 0.06724825, 0.0, 1.0, 0.666666666667, 0.0, 5
0.119893324667, 0.978660775333, 0.0, 1.0, 0.666666666667, 0.0, 5
0.0603499166667, 0.221259722, 0.0, 1.0, 0.666666666667, 0.0, 5
0.02618375, 0.0578354166667, 0.0, 1.0, 0.666666666667, 0.0, 5
0.0317243333333, 0.0629723333333, 0.0, 1.0, 0.666666666667, 0.0, 5
0.0300350833333, 0.0603730833333, 0.0, 1.0, 0.666666666667, 0.0, 5
0.0366019166667, 0.0673901666667, 0.0, 1.0, 0.666666666667, 0.0, 5
0.03230725, 0.0655653333333, 0.0, 1.0, 0.666666666667, 0.0, 5
0.17417921, 1.12476650267, 0.0, 1.0, 0.666666666667, 0.0, 5
0.0291720573333, 0.059661912, 0.0, 1.0, 0.666666666667, 0.0, 5
0.0403980833333, 0.0719011666667, 0.0, 1.0, 0.666666666667, 0.0, 5
0.236751866667, 1.624300494, 0.0, 1.0, 0.666666666667, 0.0, 5
0.03169375, 0.067518, 0.0, 1.0, 0.666666666667, 0.0, 5
0.0321066533333, 0.0647266926667, 0.0, 1.0, 0.666666666667, 0.0, 5
0.0290116666667, 0.0639588333333, 0.0, 1.0, 0.666666666667, 0.0, 5
0.0340136666667, 0.0654990833333, 0.0, 1.0, 0.666666666667, 0.0, 5
0.123506684, 0.738337091333, 0.01, 1.0, 0.666666666667, 0.0, 5
0.043905412, 0.074656838, 0.0, 1.0, 0.666666666667, 0.0, 5
0.0300707106667, 0.0636118813333, 0.0, 1.0, 0.666666666667, 0.0, 5
0.0326109213333, 0.064038702, 0.0, 1.0, 0.666666666667, 0.0, 5
0.0298715393333, 0.062358114, 0.0, 1.0, 0.666666666667, 0.0, 5
0.0292920833333, 0.0655885833333, 0.0, 1.0, 0.666666666667, 0.0, 5
0.0448888333333, 0.0739646666667, 0.0, 1.0, 0.666666666667, 0.0, 5
0.139795916667, 0.842660654667, 0.0, 1.0, 0.666666666667, 0.0, 5
0.0330553333333, 0.0662314166667, 0.0, 1.0, 0.666666666667, 0.0, 5
0.15619922, 1.05865313067, 0.0, 1.0, 0.666666666667, 0.0, 5
0.116717352, 0.932271444667, 0.0, 1.0, 0.666666666667, 0.0, 5
0.0261363333333, 0.0561131666667, 0.0, 1.0, 0.666666666667, 0.0, 5
0.0239907106667, 0.055350816, 0.0, 1.0, 0.666666666667, 0.0, 5
0.121922086, 0.719483656667, 0.0, 1.0, 0.666666666667, 0.0, 5
0.121922086, 0.719483656667, 0.0, 1.0, 0.666666666667, 0.0, 5
0.121922086, 0.719483656667, 0.0, 1.0, 0.666666666667, 0.0, 5
0.121922086, 0.719483656667, 0.0, 1.0, 0.666666666667, 0.0, 5
0.121922086, 0.719483656667, 0.0, 1.0, 0.666666666667, 0.0, 5
0.121922086, 0.719483656667, 0.0, 1.0, 0.666666666667, 0.0, 5
0.121922086, 0.719483656667, 0.0, 1.0, 0.666666666667, 0.0, 5
0.121922086, 0.719483656667, 0.0, 1.0, 0.666666666667, 0.0, 5
0.121922086, 0.719483656667, 0.0, 1.0, 0.666666666667, 0.0, 5
0.121922086, 0.719483656667, 0.0, 1.0, 0.666666666667, 0.0, 5
0.121922086, 0.719483656667, 0.0, 1.0, 0.666666666667, 0.0, 5
0.121922086, 0.719483656667, 0.0, 1.0, 0.666666666667, 0.0, 5
0.121922086, 0.719483656667, 0.0, 1.0, 0.666666666667, 0.0, 5
0.121922086, 0.719483656667, 0.0, 1.0, 0.666666666667, 0.0, 5
0.121922086, 0.719483656667, 0.0, 1.0, 0.666666666667, 0.0, 5
0.121922086, 0.719483656667, 0.0, 1.0, 0.666666666667, 0.0, 5
0.121922086, 0.719483656667, 0.0, 1.0, 0.666666666667, 0.0, 5
0.121922086, 0.719483656667, 0.0, 1.0, 0.666666666667, 0.0, 5
0.121922086, 0.719483656667, 0.0, 1.0, 0.666666666667, 0.0, 5
0.121922086, 0.719483656667, 0.0, 1.0, 0.666666666667, 0.0, 5
0.121922086, 0.719483656667, 0.0, 1.0, 0.666666666667, 0.0, 5
0.121922086, 0.719483656667, 0.0, 1.0, 0.666666666667, 0.0, 5
0.121922086, 0.719483656667, 0.0, 1.0, 0.666666666667, 0.0, 5
0.121922086, 0.719483656667, 0.0, 1.0, 0.666666666667, 0.0, 5
0.121922086, 0.719483656667, 0.0, 1.0, 0.666666666667, 0.0, 5
0.121922086, 0.719483656667, 0.0, 1.0, 0.666666666667, 0.0, 5
0.0272753333333, 0.0657275833333, 0.0, 1.0, 0.666666666667, 0.0, 5
0.0465471666667, 0.104634333333, 0.0, 1.0, 0.666666666667, 0.0, 5
0.173698291333, 1.24055117, 0.0, 1.0, 0.666666666667, 0.0, 5
0.0390166226667, 0.0908910306667, 0.0, 1.0, 0.666666666667, 0.0, 5
0.04064207, 0.084739566, 0.0, 1.0, 0.666666666667, 0.0, 5
0.04064207, 0.084739566, 0.0, 1.0, 0.666666666667, 0.0, 5
0.04064207, 0.084739566, 0.0, 1.0, 0.666666666667, 0.0, 5
0.04064207, 0.084739566, 0.0, 1.0, 0.666666666667, 0.0, 5
0.04064207, 0.084739566, 0.0, 1.0, 0.666666666667, 0.0, 5
0.04064207, 0.084739566, 0.0, 1.0, 0.666666666667, 0.0, 5
0.04064207, 0.084739566, 0.0, 1.0, 0.666666666667, 0.0, 5
0.04064207, 0.084739566, 0.0, 1.0, 0.666666666667, 0.0, 5
0.04064207, 0.084739566, 0.0, 1.0, 0.666666666667, 0.0, 5
0.04064207, 0.084739566, 0.0, 1.0, 0.666666666667, 0.0, 5
0.04064207, 0.084739566, 0.0, 1.0, 0.666666666667, 0.0, 5
0.02518175, 0.0663753333333, 0.0, 1.0, 0.666666666667, 0.0, 5
0.051324598, 0.102688926667, 0.0, 1.0, 0.666666666667, 0.0, 5
0.0604752453333, 0.145761824667, 0.0, 1.0, 0.666666666667, 0.0, 5
0.0398531666667, 0.0912833333333, 0.0, 1.0, 0.666666666667, 0.0, 5
0.0298356666667, 0.0667268333333, 0.0, 1.0, 0.666666666667, 0.0, 5
0.0298356666667, 0.0667268333333, 0.0, 1.0, 0.666666666667, 0.0, 5
0.0298356666667, 0.0667268333333, 0.0, 1.0, 0.666666666667, 0.0, 5
0.0298356666667, 0.0667268333333, 0.0, 1.0, 0.666666666667, 0.0, 5
0.0298356666667, 0.0667268333333, 0.0, 1.0, 0.666666666667, 0.0, 5
0.041498, 0.0913168333333, 0.0, 1.0, 0.666666666667, 0.0, 5
0.0385535, 0.0796515, 0.0, 1.0, 0.666666666667, 0.0, 5
0.236927549333, 1.28831588, 0.0, 1.0, 0.666666666667, 0.0, 5
0.0385795, 0.08391475, 0.0, 1.0, 0.666666666667, 0.0, 5
0.0789863053333, 0.364984518667, 0.0, 1.0, 0.666666666667, 0.0, 5
0.19193308, 1.34467667133, 0.0, 1.0, 0.666666666667, 0.0, 5
0.0426621753333, 0.0908425526667, 0.0, 0.342857142857, 0.666666666667, 0.0, 5
0.0515423333333, 0.0891548333333, 0.0, 0.342857142857, 0.666666666667, 0.0, 5
0.184956742, 1.39403160333, 0.0, 1.0, 0.666666666667, 0.0, 5
0.027151, 0.07105575, 0.0, 1.0, 0.666666666667, 0.0, 5
0.0387640833333, 0.0725746666667, 0.0, 1.0, 0.666666666667, 0.0, 5
0.145638911333, 1.21605262, 0.01, 1.0, 0.666666666667, 0.0, 5
0.0336376926667, 0.082356022, 0.0, 1.0, 0.666666666667, 0.0, 5
0.0308295, 0.0719488333333, 0.0, 1.0, 0.666666666667, 0.0, 5
0.0307943333333, 0.0850563333333, 0.0, 1.0, 0.666666666667, 0.0, 5
0.0394205746667, 0.0817833466667, 0.0, 1.0, 0.666666666667, 0.0, 5
0.151274735333, 1.233527516, 0.02, 1.0, 0.666666666667, 0.0, 5
0.0371587366667, 0.0766587893333, 0.0, 1.0, 0.666666666667, 0.0, 5
0.0586969513333, 0.292597538, 0.0, 1.0, 0.666666666667, 0.0, 5
0.0321704646667, 0.0668763686667, 0.0, 1.0, 0.666666666667, 0.0, 5
0.0487738333333, 0.0927868333333, 0.0, 1.0, 0.666666666667, 0.0, 5
0.187903302667, 1.29215395267, 0.0, 1.0, 0.666666666667, 0.0, 5
0.03494675, 0.0762981666667, 0.0, 1.0, 0.666666666667, 0.0, 5
0.0791955, 0.282662833333, 0.0, 1.0, 0.666666666667, 0.0, 5
0.152651226, 1.33146031067, 0.01, 1.0, 0.666666666667, 0.0, 5
0.0309923333333, 0.0777208333333, 0.0, 1.0, 0.666666666667, 0.0, 5
0.0285375, 0.06972525, 0.0, 1.0, 0.666666666667, 0.0, 5
0.0412261666667, 0.0877844166667, 0.0, 1.0, 0.666666666667, 0.0, 5
0.0441674213333, 0.076935522, 0.0, 1.0, 0.666666666667, 0.0, 5
0.0443910173333, 0.081690184, 0.0, 1.0, 0.666666666667, 0.0, 5
0.124013048, 0.694184311333, 0.0, 1.0, 0.666666666667, 0.0, 5
0.0442278686667, 0.0900397366667, 0.0, 1.0, 0.666666666667, 0.0, 5
0.045863474, 0.076815566, 0.0, 1.0, 0.666666666667, 0.0, 5
0.190024971333, 1.34202367067, 0.01, 1.0, 0.666666666667, 0.0, 5
0.0446153333333, 0.08954225, 0.0, 1.0, 0.666666666667, 0.0, 5
0.252941092667, 1.80944946267, 0.0, 1.0, 0.666666666667, 0.0, 4
0.178255278, 1.54165454667, 0.01, 0.914285714286, 0.666666666667, 0.0, 5
0.0469231666667, 0.08329175, 0.0, 0.914285714286, 0.666666666667, 0.0, 5
0.0328305833333, 0.0770891666667, 0.0, 0.9, 0.666666666667, 0.0, 5
0.184059736667, 1.303325138, 0.0, 1.0, 0.666666666667, 0.0, 5
0.0371115, 0.07202925, 0.0, 1.0, 0.666666666667, 0.0, 5
0.0345660833333, 0.076135, 0.0, 1.0, 0.666666666667, 0.0, 5
0.0345660833333, 0.076135, 0.0, 1.0, 0.666666666667, 0.0, 5
0.145344242667, 0.921692038, 0.0, 1.0, 0.666666666667, 0.0, 5
0.0346658333333, 0.09906625, 0.0, 1.0, 0.666666666667, 0.0, 5
0.0381786666667, 0.104744416667, 0.0, 1.0, 0.666666666667, 0.0, 5
0.0544536666667, 0.118111583333, 0.0, 1.0, 0.666666666667, 0.0, 5
0.0394898333333, 0.0911850833333, 0.0, 1.0, 0.666666666667, 0.0, 5
0.0604608333333, 0.228420833333, 0.0, 1.0, 0.666666666667, 0.0, 5
